number,rank,gainer_rank,loser_rank,name,symbol,current_price,price_change_24h,change_symbol,market_cap,volume_24h,ath,id,image,date,last_updated
1,1,,,Bitcoin,BTC,113989.0,0.56423,UP,2268006361090,30767515208.0,122838.0,bitcoin,https://coin-images.coingecko.com/coins/images/1/large/bitcoin.png?1696501400,03-08-2025,2025-08-03T14:09:01.936Z
2,2,,,Ethereum,ETH,3489.84,-0.55278,DOWN,421235000175,25980456294.0,4878.26,ethereum,https://coin-images.coingecko.com/coins/images/279/large/ethereum.png?1696501628,03-08-2025,2025-08-03T14:09:03.163Z
3,3,,6.0,XRP,XRP,2.88,-1.90799,DOWN,170584130388,6362783043.0,3.65,ripple,https://coin-images.coingecko.com/coins/images/44/large/xrp-symbol-white-128.png?1696501442,03-08-2025,2025-08-03T14:09:06.479Z
4,4,,,Tether,USDT,0.999921,0.02469,UP,163880733236,67659374374.0,1.32,tether,https://coin-images.coingecko.com/coins/images/325/large/Tether.png?1696501661,03-08-2025,2025-08-03T14:09:07.745Z
5,5,,,BNB,BNB,750.1,-0.36082,DOWN,104485684277,1150030682.0,858.34,binancecoin,https://coin-images.coingecko.com/coins/images/825/large/bnb-icon2_2x.png?1696501970,03-08-2025,2025-08-03T14:09:05.707Z
6,6,,8.0,Solana,SOL,161.38,-1.82554,DOWN,86860483244,4607447016.0,293.31,solana,https://coin-images.coingecko.com/coins/images/4128/large/solana.png?1718769756,03-08-2025,2025-08-03T14:09:06.771Z
7,7,,,USDC,USDC,0.999732,0.01187,UP,64176249795,10118483176.0,1.17,usd-coin,https://coin-images.coingecko.com/coins/images/6319/large/usdc.png?1696506694,03-08-2025,2025-08-03T14:09:08.401Z
8,8,,,Lido Staked Ether,STETH,3484.29,-0.3612,DOWN,31042927402,59121071.0,4829.57,staked-ether,https://coin-images.coingecko.com/coins/images/13442/large/steth_logo.png?1696513206,03-08-2025,2025-08-03T14:09:06.445Z
9,9,,,TRON,TRX,0.324481,-0.90133,DOWN,30730100787,1215874138.0,0.431288,tron,https://coin-images.coingecko.com/coins/images/1094/large/tron-logo.png?1696502193,03-08-2025,2025-08-03T14:09:07.493Z
10,10,,,Dogecoin,DOGE,0.19855,-0.32099,DOWN,29828091081,2111651624.0,0.731578,dogecoin,https://coin-images.coingecko.com/coins/images/5/large/dogecoin.png?1696501409,03-08-2025,2025-08-03T14:09:02.583Z
11,11,,,Cardano,ADA,0.721841,0.88108,UP,26157939383,1228365929.0,3.09,cardano,https://coin-images.coingecko.com/coins/images/975/large/cardano.png?1696502090,03-08-2025,2025-08-03T14:09:02.182Z
12,12,,,Wrapped Bitcoin,WBTC,113886.0,0.59432,UP,14446312324,157195481.0,122745.0,wrapped-bitcoin,https://coin-images.coingecko.com/coins/images/7598/large/wrapped_bitcoin_wbtc.png?1696507857,03-08-2025,2025-08-03T14:09:08.050Z
13,13,,,Wrapped stETH,WSTETH,4215.38,-0.3717,DOWN,13681808756,27735056.0,7256.02,wrapped-steth,https://coin-images.coingecko.com/coins/images/18834/large/wstETH.png?1696518295,03-08-2025,2025-08-03T14:09:08.008Z
14,14,,,Hyperliquid,HYPE,38.16,0.64449,UP,12713593663,322649881.0,49.75,hyperliquid,https://coin-images.coingecko.com/coins/images/50882/large/hyperliquid.jpg?1729431300,03-08-2025,2025-08-03T14:09:04.660Z
15,15,,,Stellar,XLM,0.389926,3.21198,UP,12171786236,357794107.0,0.875563,stellar,https://coin-images.coingecko.com/coins/images/100/large/fmpFRHHQ_400x400.jpg?1735231350,03-08-2025,2025-08-03T14:09:06.951Z
16,16,,,Sui,SUI,3.44,0.09334,UP,12066116009,1322134876.0,5.35,sui,https://coin-images.coingecko.com/coins/images/26375/large/sui-ocean-square.png?1727791290,03-08-2025,2025-08-03T14:09:07.043Z
17,17,,,Wrapped Beacon ETH,WBETH,3754.44,-0.43871,DOWN,11128586026,13073912.0,4317.06,wrapped-beacon-eth,https://coin-images.coingecko.com/coins/images/30061/large/wbeth-icon.png?1696528983,03-08-2025,2025-08-03T14:09:07.842Z
18,18,,,Chainlink,LINK,16.19,1.2805,UP,10973521335,432091256.0,52.7,chainlink,https://coin-images.coingecko.com/coins/images/877/large/chainlink-new-logo.png?1696502009,03-08-2025,2025-08-03T14:09:02.088Z
19,19,,,Bitcoin Cash,BCH,542.21,0.57662,UP,10787019527,231535895.0,3785.82,bitcoin-cash,https://coin-images.coingecko.com/coins/images/780/large/bitcoin-cash-circle.png?1696501932,03-08-2025,2025-08-03T14:09:01.768Z
20,20,,,Hedera,HBAR,0.242461,2.94394,UP,10269513044,452912004.0,0.569229,hedera-hashgraph,https://coin-images.coingecko.com/coins/images/3688/large/hbar.png?1696504364,03-08-2025,2025-08-03T14:09:05.030Z
21,21,,,Wrapped eETH,WEETH,3739.64,-0.6222,DOWN,9787872588,16207812.0,4311.81,wrapped-eeth,https://coin-images.coingecko.com/coins/images/33033/large/weETH.png?1701438396,03-08-2025,2025-08-03T14:09:08.103Z
22,22,,,Ethena USDe,USDE,1.001,0.01926,UP,9160853165,1023546577.0,1.032,ethena-usde,https://coin-images.coingecko.com/coins/images/33613/large/usde.png?1733810059,03-08-2025,2025-08-03T14:09:02.503Z
23,23,,,Avalanche,AVAX,21.38,-1.03915,DOWN,9025311407,370066236.0,144.96,avalanche-2,https://coin-images.coingecko.com/coins/images/12559/large/Avalanche_Circle_RedWhite_Trans.png?1696512369,03-08-2025,2025-08-03T14:09:05.893Z
24,24,,,Toncoin,TON,3.66,1.4273,UP,8843764737,372075290.0,8.25,the-open-network,https://coin-images.coingecko.com/coins/images/17980/large/photo_2024-09-10_17.09.00.jpeg?1725963446,03-08-2025,2025-08-03T14:09:07.515Z
25,25,,,Litecoin,LTC,109.14,0.13297,UP,8316033870,883821116.0,410.26,litecoin,https://coin-images.coingecko.com/coins/images/2/large/litecoin.png?1696501400,03-08-2025,2025-08-03T14:09:08.232Z
26,26,,,LEO Token,LEO,8.96,-0.02132,DOWN,8266205275,2072338.0,10.14,leo-token,https://coin-images.coingecko.com/coins/images/8418/large/leo-token.png?1696508607,03-08-2025,2025-08-03T14:09:07.357Z
27,27,,,WETH,WETH,3489.7,-0.48242,DOWN,7923366752,490106282.0,4799.89,weth,https://coin-images.coingecko.com/coins/images/2518/large/weth.png?1696503332,03-08-2025,2025-08-03T14:09:08.409Z
28,28,,,USDS,USDS,0.999686,0.01872,UP,7639256186,6962637.0,1.057,usds,https://coin-images.coingecko.com/coins/images/39926/large/usds.webp?1726666683,03-08-2025,2025-08-03T14:09:07.887Z
29,29,,,Shiba Inu,SHIB,1.217e-05,0.39182,UP,7171541317,153966069.0,8.616e-05,shiba-inu,https://coin-images.coingecko.com/coins/images/11939/large/shiba.png?1696511800,03-08-2025,2025-08-03T14:09:06.663Z
30,30,,,Binance Bridged USDT (BNB Smart Chain),BSC-USD,0.999435,-0.08115,DOWN,6778986046,2244998900.0,1.05,binance-bridged-usdt-bnb-smart-chain,https://coin-images.coingecko.com/coins/images/35021/large/USDT.png?1707233575,03-08-2025,2025-08-03T14:09:02.301Z
31,31,,,Coinbase Wrapped BTC,CBBTC,113938.0,0.45657,UP,6143933657,324346936.0,123036.0,coinbase-wrapped-btc,https://coin-images.coingecko.com/coins/images/40143/large/cbbtc.webp?1726136727,03-08-2025,2025-08-03T14:09:02.572Z
32,32,,,WhiteBIT Coin,WBT,42.51,0.16449,UP,6126942915,49873429.0,52.27,whitebit,https://coin-images.coingecko.com/coins/images/27045/large/wbt_token.png?1696526096,03-08-2025,2025-08-03T14:09:07.613Z
33,33,,,Uniswap,UNI,9.15,0.91244,UP,5493909492,348873850.0,44.92,uniswap,https://coin-images.coingecko.com/coins/images/12504/large/uniswap-logo.png?1720676669,03-08-2025,2025-08-03T14:09:08.233Z
34,34,,,Monero,XMR,297.11,1.5429,UP,5478763518,91722015.0,542.33,monero,https://coin-images.coingecko.com/coins/images/69/large/monero_logo.png?1696501460,03-08-2025,2025-08-03T14:09:08.726Z
35,35,,,Polkadot,DOT,3.6,1.13824,UP,5473372155,217022544.0,54.98,polkadot,https://coin-images.coingecko.com/coins/images/12171/large/polkadot.png?1696512008,03-08-2025,2025-08-03T14:09:05.967Z
36,36,,,Ethena Staked USDe,SUSDE,1.19,0.25443,UP,5169116340,224278167.0,1.29,ethena-staked-usde,https://coin-images.coingecko.com/coins/images/33669/large/sUSDe-Symbol-Color.png?1716307680,03-08-2025,2025-08-03T14:09:02.412Z
37,37,,,Bitget Token,BGB,4.34,0.41798,UP,4945865370,77961430.0,8.45,bitget-token,https://coin-images.coingecko.com/coins/images/11610/large/Bitget_logo.png?1736925727,03-08-2025,2025-08-03T14:09:01.327Z
38,38,,,Pepe,PEPE,1.048e-05,1.15131,UP,4407879780,555947427.0,2.803e-05,pepe,https://coin-images.coingecko.com/coins/images/29850/large/pepe-token.jpeg?1696528776,03-08-2025,2025-08-03T14:09:05.301Z
39,39,,,Cronos,CRO,0.133092,0.33415,UP,4302971592,31140025.0,0.965407,crypto-com-chain,https://coin-images.coingecko.com/coins/images/7310/large/cro_token_logo.png?1696507599,03-08-2025,2025-08-03T14:09:02.200Z
40,40,,,Aave,AAVE,257.52,0.74088,UP,3914311533,340373121.0,661.69,aave,https://coin-images.coingecko.com/coins/images/12645/large/aave-token-round.png?1720472354,03-08-2025,2025-08-03T14:09:07.918Z
41,41,,,Dai,DAI,1.0,0.02199,UP,3740929264,92902556.0,1.22,dai,https://coin-images.coingecko.com/coins/images/9956/large/Badge_Dai.png?1696509996,03-08-2025,2025-08-03T14:09:02.254Z
42,42,5.0,,Ethena,ENA,0.579469,6.85012,UP,3673982868,1055811522.0,1.52,ethena,https://coin-images.coingecko.com/coins/images/36530/large/ethena.png?1711701436,03-08-2025,2025-08-03T14:09:02.913Z
43,43,,,Bittensor,TAO,346.51,1.91685,UP,3313002703,112461211.0,757.6,bittensor,https://coin-images.coingecko.com/coins/images/28452/large/ARUsPeNQ_400x400.jpeg?1696527447,03-08-2025,2025-08-03T14:09:01.405Z
44,44,,,Ethereum Classic,ETC,19.69,-0.65226,DOWN,3011968565,259198057.0,167.09,ethereum-classic,https://coin-images.coingecko.com/coins/images/453/large/ethereum-classic-logo.png?1696501717,03-08-2025,2025-08-03T14:09:02.715Z
45,45,,,NEAR Protocol,NEAR,2.43,1.17701,UP,3008156828,143144535.0,20.44,near,https://coin-images.coingecko.com/coins/images/10365/large/near.jpg?1696510367,03-08-2025,2025-08-03T14:09:09.245Z
46,46,,,Ondo,ONDO,0.908742,2.28399,UP,2872170640,135396667.0,2.14,ondo-finance,https://coin-images.coingecko.com/coins/images/26580/large/ONDO.png?1696525656,03-08-2025,2025-08-03T14:09:09.388Z
47,47,,,Aptos,APT,4.2,0.38574,UP,2822697010,415589010.0,19.92,aptos,https://coin-images.coingecko.com/coins/images/26455/large/aptos_round.png?1696525528,03-08-2025,2025-08-03T14:09:03.901Z
48,48,,,Pi Network,PI,0.362397,1.14416,UP,2819246980,114016837.0,2.99,pi-network,https://coin-images.coingecko.com/coins/images/54342/large/pi_network.jpg?1739347576,03-08-2025,2025-08-03T14:09:09.324Z
49,49,,,OKB,OKB,46.68,0.25364,UP,2801373098,12427927.0,73.8,okb,https://coin-images.coingecko.com/coins/images/4463/large/WeChat_Image_20220118095654.png?1696505053,03-08-2025,2025-08-03T14:09:08.955Z
50,50,,,Internet Computer,ICP,5.08,0.97253,UP,2721269448,49578292.0,700.65,internet-computer,https://coin-images.coingecko.com/coins/images/14495/large/Internet_Computer_logo.png?1696514180,03-08-2025,2025-08-03T14:09:05.454Z
51,51,,9.0,Jito Staked SOL,JITOSOL,196.98,-1.82362,DOWN,2554500337,36715634.0,339.52,jito-staked-sol,https://coin-images.coingecko.com/coins/images/28046/large/JitoSOL-200.png?1696527060,03-08-2025,2025-08-03T14:09:05.779Z
52,52,,,BlackRock USD Institutional Digital Liquidity Fund,BUIDL,1.0,0.0,DOWN,2411998201,0.0,1.0,blackrock-usd-institutional-digital-liquidity-fund,https://coin-images.coingecko.com/coins/images/36291/large/blackrock.png?1711013223,03-08-2025,2025-08-03T14:05:08.856Z
53,53,,,Mantle,MNT,0.701585,1.45119,UP,2361400783,172505409.0,1.54,mantle,https://coin-images.coingecko.com/coins/images/30980/large/Mantle-Logo-mark.png?1739213200,03-08-2025,2025-08-03T14:09:08.270Z
54,54,,,Kaspa,KAS,0.085473,1.70332,UP,2252868687,75094051.0,0.207411,kaspa,https://coin-images.coingecko.com/coins/images/25751/large/kaspa-icon-exchanges.png?1696524837,03-08-2025,2025-08-03T14:09:06.197Z
55,55,,,USD1,USD1,0.998479,-0.11927,DOWN,2169481682,420135685.0,1.025,usd1-wlfi,https://coin-images.coingecko.com/coins/images/54977/large/USD1_1000x1000_transparent.png?1749297002,03-08-2025,2025-08-03T14:09:07.726Z
56,56,,,Pudgy Penguins,PENGU,0.03447762,0.08555,UP,2166917263,565668990.0,0.068447,pudgy-penguins,https://coin-images.coingecko.com/coins/images/52622/large/PUDGY_PENGUINS_PENGU_PFP.png?1733809110,03-08-2025,2025-08-03T14:09:05.650Z
57,57,,,Binance-Peg WETH,WETH,3486.37,-0.72735,DOWN,2109249900,61687949.0,4098.26,binance-peg-weth,https://coin-images.coingecko.com/coins/images/39580/large/weth.png?1723006716,03-08-2025,2025-08-03T14:09:01.343Z
58,58,,,Algorand,ALGO,0.240317,3.05139,UP,2083248770,109604978.0,3.56,algorand,https://coin-images.coingecko.com/coins/images/4380/large/download.png?1696504978,03-08-2025,2025-08-03T14:09:00.888Z
59,59,,,Gate,GT,16.99,1.65377,UP,2030082374,6215714.0,25.94,gatechain-token,https://coin-images.coingecko.com/coins/images/8183/large/200X200.png?1735246724,03-08-2025,2025-08-03T14:09:02.890Z
60,60,,,VeChain,VET,0.02316391,2.79041,UP,1991432401,33430210.0,0.280991,vechain,https://coin-images.coingecko.com/coins/images/1167/large/VET.png?1742383283,03-08-2025,2025-08-03T14:09:07.561Z
61,61,,,Bonk,BONK,2.551e-05,-0.62221,DOWN,1974512024,354020267.0,5.825e-05,bonk,https://coin-images.coingecko.com/coins/images/28600/large/bonk.jpg?1696527587,03-08-2025,2025-08-03T14:09:02.238Z
62,62,,,Fasttoken,FTN,4.58,-0.05404,DOWN,1974300088,62652545.0,4.61,fasttoken,https://coin-images.coingecko.com/coins/images/28478/large/lightenicon_200x200.png?1696527472,03-08-2025,2025-08-03T14:09:03.337Z
63,63,,,Arbitrum,ARB,0.381799,0.98134,UP,1965765393,197538119.0,2.39,arbitrum,https://coin-images.coingecko.com/coins/images/16547/large/arb.jpg?1721358242,03-08-2025,2025-08-03T14:09:01.100Z
64,64,,,Cosmos Hub,ATOM,4.23,2.25524,UP,1952628314,103158440.0,44.45,cosmos,https://coin-images.coingecko.com/coins/images/1481/large/cosmos_hub.png?1696502525,03-08-2025,2025-08-03T14:09:02.180Z
65,65,6.0,,Story,IP,6.15,6.80706,UP,1817818560,49069819.0,7.31,story-2,https://coin-images.coingecko.com/coins/images/54035/large/Transparent_bg.png?1738075331,03-08-2025,2025-08-03T14:09:07.077Z
66,66,,,Render,RENDER,3.51,-0.034,DOWN,1818103562,69036175.0,13.53,render-token,https://coin-images.coingecko.com/coins/images/11636/large/rndr.png?1696511529,03-08-2025,2025-08-03T14:09:06.215Z
67,67,,,POL (ex-MATIC),POL,0.200663,1.82493,UP,1813179509,71996722.0,1.29,polygon-ecosystem-token,https://coin-images.coingecko.com/coins/images/32440/large/polygon.png?1698233684,03-08-2025,2025-08-03T14:09:07.453Z
68,68,,,sUSDS,SUSDS,1.062,0.02451,UP,1790735024,86318819.0,1.088,susds,https://coin-images.coingecko.com/coins/images/52721/large/sUSDS_Coin.png?1734086971,03-08-2025,2025-08-03T14:09:06.669Z
69,69,,,Worldcoin,WLD,0.965698,1.06077,UP,1766843886,143740228.0,11.74,worldcoin-wld,https://coin-images.coingecko.com/coins/images/31069/large/worldcoin.jpeg?1696529903,03-08-2025,2025-08-03T14:09:07.841Z
70,70,,,Official Trump,TRUMP,8.78,0.71597,UP,1754730854,316007841.0,73.43,official-trump,https://coin-images.coingecko.com/coins/images/53746/large/trump.png?1737171561,03-08-2025,2025-08-03T14:09:09.278Z
71,71,,10.0,Binance Staked SOL,BNSOL,172.06,-1.79475,DOWN,1710877893,8704524.0,297.96,binance-staked-sol,https://coin-images.coingecko.com/coins/images/40132/large/bnsol.png?1725968367,03-08-2025,2025-08-03T14:09:01.084Z
72,72,,,Sky,SKY,0.078296,-0.20844,DOWN,1663478569,1992665.0,0.100535,sky,https://coin-images.coingecko.com/coins/images/39925/large/sky.jpg?1724827980,03-08-2025,2025-08-03T14:09:06.312Z
73,73,,,Jupiter Perpetuals Liquidity Provider Token,JLP,4.85,-0.64275,DOWN,1642832945,33372340.0,5.26,jupiter-perpetuals-liquidity-provider-token,https://coin-images.coingecko.com/coins/images/33094/large/jlp.png?1700631386,03-08-2025,2025-08-03T14:09:05.868Z
74,74,,,Rocket Pool ETH,RETH,3971.0,-0.61895,DOWN,1642518653,3876240.0,4814.31,rocket-pool-eth,https://coin-images.coingecko.com/coins/images/20764/large/reth.png?1696520159,03-08-2025,2025-08-03T14:09:05.940Z
75,75,,,Artificial Superintelligence Alliance,FET,0.630146,0.25226,UP,1640671070,72814786.0,3.45,fetch-ai,https://coin-images.coingecko.com/coins/images/5681/large/ASI.png?1719827289,03-08-2025,2025-08-03T14:09:02.770Z
76,76,,,Sei,SEI,0.2763,-1.21144,DOWN,1597529174,136619328.0,1.14,sei-network,https://coin-images.coingecko.com/coins/images/28205/large/Sei_Logo_-_Transparent.png?1696527207,03-08-2025,2025-08-03T14:09:06.407Z
77,77,,,Quant,QNT,109.7,2.09362,UP,1595701564,20500718.0,427.42,quant-network,https://coin-images.coingecko.com/coins/images/3370/large/5ZOu7brX_400x400.jpg?1696504070,03-08-2025,2025-08-03T14:09:05.820Z
78,78,,,Flare,FLR,0.02288125,3.78449,UP,1593975953,14705938.0,0.150073,flare-networks,https://coin-images.coingecko.com/coins/images/28624/large/FLR-icon200x200.png?1696527609,03-08-2025,2025-08-03T14:09:02.768Z
79,79,,,Filecoin,FIL,2.33,0.68076,UP,1592758823,139461978.0,236.84,filecoin,https://coin-images.coingecko.com/coins/images/12817/large/filecoin.png?1696512609,03-08-2025,2025-08-03T14:09:02.781Z
80,80,,,Lombard Staked BTC,LBTC,113906.0,0.53239,UP,1584802067,6204540.0,123777.0,lombard-staked-btc,https://coin-images.coingecko.com/coins/images/39969/large/LBTC_Logo.png?1724959872,03-08-2025,2025-08-03T14:09:07.976Z
81,81,2.0,,SPX6900,SPX,1.67,10.22671,UP,1557615443,80935511.0,2.27,spx6900,https://coin-images.coingecko.com/coins/images/31401/large/centeredcoin_%281%29.png?1737048493,03-08-2025,2025-08-03T14:09:06.537Z
82,82,,,Kelp DAO Restaked ETH,RSETH,3658.93,-0.62868,DOWN,1550860022,981708.0,4216.2,kelp-dao-restaked-eth,https://coin-images.coingecko.com/coins/images/33800/large/Icon___Dark.png?1702991855,03-08-2025,2025-08-03T14:09:06.074Z
83,83,,,XDC Network,XDC,0.091997,-1.79158,DOWN,1493694287,39686954.0,0.192754,xdce-crowd-sale,https://coin-images.coingecko.com/coins/images/2912/large/xdc-icon.png?1696503661,03-08-2025,2025-08-03T14:09:08.006Z
84,84,,,USDtb,USDTB,1.0,0.06737,UP,1437356916,4496080.0,1.018,usdtb,https://coin-images.coingecko.com/coins/images/52804/large/USDtbSmall.png?1734344946,03-08-2025,2025-08-03T14:09:07.297Z
85,85,,,Jupiter,JUP,0.453464,0.74177,UP,1385940283,48146025.0,2.0,jupiter-exchange-solana,https://coin-images.coingecko.com/coins/images/34188/large/jup.png?1704266489,03-08-2025,2025-08-03T14:09:06.156Z
86,86,,,USDT0,USDT0,0.999091,-0.08569,DOWN,1363264328,267622733.0,1.052,usdt0,https://coin-images.coingecko.com/coins/images/53705/large/usdt0.jpg?1737086183,03-08-2025,2025-08-03T14:09:07.758Z
87,87,,,KuCoin,KCS,10.6,0.2736,UP,1350673263,5397938.0,28.83,kucoin-shares,https://coin-images.coingecko.com/coins/images/1047/large/sa9z79.png?1696502152,03-08-2025,2025-08-03T14:09:06.736Z
88,88,,,StakeWise Staked ETH,OSETH,3668.9,-0.64563,DOWN,1318180865,23556.0,4228.59,stakewise-v3-oseth,https://coin-images.coingecko.com/coins/images/33117/large/Frame_27513839.png?1700732599,03-08-2025,2025-08-03T14:09:06.372Z
89,89,,,NEXO,NEXO,1.3,1.00149,UP,1302469365,9880292.0,4.07,nexo,https://coin-images.coingecko.com/coins/images/3695/large/CG-nexo-token-200x200_2x.png?1730414360,03-08-2025,2025-08-03T14:09:09.021Z
90,90,,,First Digital USD,FDUSD,0.996442,-0.13679,DOWN,1282208354,5445668582.0,1.15,first-digital-usd,https://coin-images.coingecko.com/coins/images/31079/large/FDUSD_icon_black.png?1731097953,03-08-2025,2025-08-03T14:09:02.969Z
91,91,,,Liquid Staked ETH,LSETH,3767.34,-0.63433,DOWN,1271657099,824309.0,4332.67,liquid-staked-ethereum,https://coin-images.coingecko.com/coins/images/28848/large/LsETH-receipt-token-circle.png?1696527824,03-08-2025,2025-08-03T14:09:07.628Z
92,92,,,Curve DAO,CRV,0.916254,2.93811,UP,1265080670,194353961.0,15.37,curve-dao-token,https://coin-images.coingecko.com/coins/images/12124/large/Curve.png?1696511967,03-08-2025,2025-08-03T14:09:07.053Z
93,93,,,Mantle Staked Ether,METH,3742.55,-0.43033,DOWN,1265513120,1615484.0,4729.53,mantle-staked-ether,https://coin-images.coingecko.com/coins/images/33345/large/symbol_transparent_bg.png?1701697066,03-08-2025,2025-08-03T14:09:08.472Z
94,94,,,Injective,INJ,12.7,2.13212,UP,1239502843,102028471.0,52.62,injective-protocol,https://coin-images.coingecko.com/coins/images/12882/large/Other_200x200.png?1738782212,03-08-2025,2025-08-03T14:09:05.215Z
95,95,,,Stacks,STX,0.685784,1.29254,UP,1226816322,27134030.0,3.86,blockstack,https://coin-images.coingecko.com/coins/images/2069/large/Stacks_Logo_png.png?1709979332,03-08-2025,2025-08-03T14:09:01.891Z
96,96,,,Polygon Bridged USDT (Polygon),USDT,0.99948,0.00231,UP,1214590923,35180421.0,1.027,polygon-bridged-usdt-polygon,https://coin-images.coingecko.com/coins/images/35023/large/USDT.png?1707233644,03-08-2025,2025-08-03T14:09:05.797Z
97,97,,,Provenance Blockchain,HASH,0.0254843,0.57915,UP,1212658484,5143.09,0.058737,hash-2,https://coin-images.coingecko.com/coins/images/66154/large/Hastra_Icon.png?1748497203,03-08-2025,2025-08-03T14:09:03.790Z
98,98,,,Celestia,TIA,1.64,1.7361,UP,1202401056,82693406.0,20.85,celestia,https://coin-images.coingecko.com/coins/images/31967/large/tia.jpg?1696530772,03-08-2025,2025-08-03T14:09:01.733Z
99,99,,,Falcon USD,USDF,0.999473,0.00566,UP,1197101351,6738641.0,1.075,falcon-finance,https://coin-images.coingecko.com/coins/images/54558/large/ff_200_X_200.png?1740741076,03-08-2025,2025-08-03T14:09:03.004Z
100,100,,,Renzo Restaked ETH,EZETH,3674.68,-0.76306,DOWN,1147041432,1822032.0,4207.05,renzo-restaked-eth,https://coin-images.coingecko.com/coins/images/34753/large/Ezeth_logo_circle.png?1713496404,03-08-2025,2025-08-03T14:09:05.674Z
101,101,,,Solv Protocol BTC,SOLVBTC,113686.0,0.3522,UP,1141864974,2197065.0,122909.0,solv-btc,https://coin-images.coingecko.com/coins/images/36800/large/solvBTC.png?1719810684,03-08-2025,2025-08-03T14:09:06.311Z
102,102,,,Optimism,OP,0.650395,1.78575,UP,1139141777,144619962.0,4.84,optimism,https://coin-images.coingecko.com/coins/images/25244/large/Optimism.png?1696524385,03-08-2025,2025-08-03T14:09:05.417Z
103,103,4.0,,Conflux,CFX,0.207442,7.66178,UP,1061918056,375631524.0,1.7,conflux-token,https://coin-images.coingecko.com/coins/images/13079/large/3vuYMbjN.png?1696512867,03-08-2025,2025-08-03T14:09:02.064Z
104,104,,,FLOKI,FLOKI,0.00010686,2.48267,UP,1032104033,118031900.0,0.00034495,floki,https://coin-images.coingecko.com/coins/images/16746/large/PNG_image.png?1696516318,03-08-2025,2025-08-03T14:09:03.207Z
105,105,9.0,,Pump.fun,PUMP,0.00287292,5.69199,UP,1017309519,389243011.0,0.00681162,pump-fun,https://coin-images.coingecko.com/coins/images/67164/large/pump.jpg?1751949376,03-08-2025,2025-08-03T14:09:05.821Z
106,106,,,PayPal USD,PYUSD,0.99993,0.03313,UP,1012509566,23365216.0,1.021,paypal-usd,https://coin-images.coingecko.com/coins/images/31212/large/PYUSD_Logo_%282%29.png?1696530039,03-08-2025,2025-08-03T14:09:09.275Z
107,107,,,Wrapped BNB,WBNB,749.22,-0.78453,DOWN,1009331356,361678957.0,858.29,wbnb,https://coin-images.coingecko.com/coins/images/12591/large/binance-coin-logo.png?1696512401,03-08-2025,2025-08-03T14:09:08.236Z
108,108,,,Saros,SAROS,0.383033,3.67501,UP,1002166893,10085997.0,0.405788,saros-finance,https://coin-images.coingecko.com/coins/images/34594/large/saros-token-logo.png?1705476813,03-08-2025,2025-08-03T14:09:05.977Z
109,109,,,Binance Bridged USDC (BNB Smart Chain),USDC,0.99937,-0.13392,DOWN,997839839,177016148.0,1.031,binance-bridged-usdc-bnb-smart-chain,https://coin-images.coingecko.com/coins/images/35220/large/USDC.jpg?1707919050,03-08-2025,2025-08-03T14:09:01.350Z
110,110,,,Sonic,S,0.30043,-0.1838,DOWN,967643582,133768050.0,1.029,sonic-3,https://coin-images.coingecko.com/coins/images/38108/large/200x200_Sonic_Logo.png?1734679256,03-08-2025,2025-08-03T14:09:06.473Z
111,111,,5.0,Jupiter Staked SOL,JUPSOL,181.88,-1.9365,DOWN,967364090,4197530.0,309.67,jupiter-staked-sol,https://coin-images.coingecko.com/coins/images/37482/large/jupsol.png?1714473916,03-08-2025,2025-08-03T14:09:06.039Z
112,112,,,PAX Gold,PAXG,3361.86,0.05507,UP,952727898,37207566.0,3518.57,pax-gold,https://coin-images.coingecko.com/coins/images/9519/large/paxgold.png?1696509604,03-08-2025,2025-08-03T14:09:09.353Z
113,113,,,The Graph,GRT,0.09104,1.06609,UP,948196979,34842836.0,2.84,the-graph,https://coin-images.coingecko.com/coins/images/13397/large/Graph_Token.png?1696513159,03-08-2025,2025-08-03T14:09:07.398Z
114,114,,,Immutable,IMX,0.494234,1.22769,UP,934400538,26134888.0,9.52,immutable-x,https://coin-images.coingecko.com/coins/images/17233/large/immutableX-symbol-BLK-RGB.png?1696516787,03-08-2025,2025-08-03T14:09:05.386Z
115,115,,,Fartcoin,FARTCOIN,0.930092,-1.17395,DOWN,930076492,152188471.0,2.48,fartcoin,https://coin-images.coingecko.com/coins/images/50891/large/fart.jpg?1729503972,03-08-2025,2025-08-03T14:09:03.012Z
116,116,,,Arbitrum Bridged WBTC (Arbitrum One),WBTC,113840.0,0.47046,UP,909454370,123224659.0,122778.0,arbitrum-bridged-wbtc-arbitrum-one,https://coin-images.coingecko.com/coins/images/39532/large/wbtc.png?1722810336,03-08-2025,2025-08-03T14:09:00.920Z
117,117,,,PancakeSwap,CAKE,2.58,0.31655,UP,890102210,75736469.0,43.96,pancakeswap-token,https://coin-images.coingecko.com/coins/images/12632/large/pancakeswap-cake-logo_%281%29.png?1696512440,03-08-2025,2025-08-03T14:09:05.608Z
118,118,,,dogwifhat,WIF,0.889517,2.7011,UP,888462342,256461590.0,4.83,dogwifcoin,https://coin-images.coingecko.com/coins/images/33566/large/dogwifhat.jpg?1702499428,03-08-2025,2025-08-03T14:09:02.538Z
119,119,,,clBTC,CLBTC,114156.0,-0.4211,DOWN,881651642,7.56,129190.0,clbtc,https://coin-images.coingecko.com/coins/images/54164/large/clBTC.png?1738482999,03-08-2025,2025-08-03T07:09:16.160Z
120,120,,,SyrupUSDC,SYRUPUSDC,1.12,0.12769,UP,854675842,3059055.0,1.12,syrupusdc,https://coin-images.coingecko.com/coins/images/54658/large/SyrupUSDCO.png?1748850129,03-08-2025,2025-08-03T14:09:06.679Z
121,121,,,Ethereum Name Service,ENS,25.22,-0.47568,DOWN,837798701,63566341.0,83.4,ethereum-name-service,https://coin-images.coingecko.com/coins/images/19785/large/ENS.jpg?1727872989,03-08-2025,2025-08-03T14:09:02.931Z
122,122,,,Marinade Staked SOL,MSOL,211.79,-1.73962,DOWN,834401224,9264684.0,363.77,msol,https://coin-images.coingecko.com/coins/images/17752/large/mSOL.png?1696517278,03-08-2025,2025-08-03T14:09:08.787Z
123,123,,,Tether Gold,XAUT,3357.06,0.01575,UP,827559051,12106399.0,3530.16,tether-gold,https://coin-images.coingecko.com/coins/images/10481/large/Tether_Gold.png?1696510471,03-08-2025,2025-08-03T14:09:07.125Z
124,124,,,Lido DAO,LDO,0.906109,1.19091,UP,812587659,61396808.0,7.3,lido-dao,https://coin-images.coingecko.com/coins/images/13573/large/Lido_DAO.png?1696513326,03-08-2025,2025-08-03T14:09:08.256Z
125,125,,1.0,Kaia,KAIA,0.137576,-3.30107,DOWN,805664811,32391331.0,0.406698,kaia,https://coin-images.coingecko.com/coins/images/39901/large/KAIA.png?1724734368,03-08-2025,2025-08-03T14:09:05.955Z
126,126,,,Tezos,XTZ,0.757082,1.89103,UP,796861029,24015411.0,9.12,tezos,https://coin-images.coingecko.com/coins/images/976/large/Tezos-logo.png?1696502091,03-08-2025,2025-08-03T14:09:07.268Z
127,127,,,Virtuals Protocol,VIRTUAL,1.21,1.96514,UP,795246694,159720646.0,5.07,virtual-protocol,https://coin-images.coingecko.com/coins/images/34057/large/LOGOMARK.png?1708356054,03-08-2025,2025-08-03T14:09:07.784Z
128,128,,,Vaulta,A,0.49706,0.41306,UP,786498396,47777278.0,0.778734,vaulta,https://coin-images.coingecko.com/coins/images/55616/large/Vaulta_CEX_Icon_Circle_-_cmc.png?1746859132,03-08-2025,2025-08-03T14:09:07.595Z
129,129,,,Theta Network,THETA,0.748882,1.30773,UP,748300422,22197330.0,15.72,theta-token,https://coin-images.coingecko.com/coins/images/2538/large/theta-token-logo.png?1696503349,03-08-2025,2025-08-03T14:09:07.145Z
130,130,,,Super OETH,SUPEROETH,3487.28,-0.6795,DOWN,745581983,722681.0,4099.87,super-oeth,https://coin-images.coingecko.com/coins/images/39828/large/Super_OETH.png?1724208268,03-08-2025,2025-08-03T14:09:06.634Z
131,131,1.0,,MemeCore,M,0.442527,26.31038,UP,745601899,44950200.0,0.897338,memecore,https://coin-images.coingecko.com/coins/images/53247/large/square-bg-transparent.png?1752637478,03-08-2025,2025-08-03T14:09:08.334Z
132,132,,,Mantle Restaked ETH,CMETH,3737.5,-0.6254,DOWN,733555000,6959043.0,4298.87,mantle-restaked-eth,https://coin-images.coingecko.com/coins/images/51114/large/symbol.png?1730117724,03-08-2025,2025-08-03T14:09:08.174Z
133,133,,,cgETH Hashkey Cloud,CGETH.HASHKEY,3650.23,0.40754,UP,729788258,48.68,4102.39,cgeth-hashkey-cloud,https://coin-images.coingecko.com/coins/images/54162/large/Cgeth_Hashkey.png?1738482570,03-08-2025,2025-08-03T14:09:01.497Z
134,134,,,ether.fi Staked ETH,EETH,3483.59,-0.57058,DOWN,726792969,507254.0,5307.23,ether-fi-staked-eth,https://coin-images.coingecko.com/coins/images/33049/large/ether.fi_eETH.png?1700473063,03-08-2025,2025-08-03T14:09:02.540Z
135,135,,,JasmyCoin,JASMY,0.01489909,2.22255,UP,721260187,26937168.0,4.79,jasmycoin,https://coin-images.coingecko.com/coins/images/13876/large/JASMY200x200.jpg?1696513620,03-08-2025,2025-08-03T14:09:05.624Z
136,136,,,IOTA,IOTA,0.18224,1.43459,UP,715311138,15158025.0,5.25,iota,https://coin-images.coingecko.com/coins/images/692/large/IOTA_Thumbnail_%281%29.png?1743772896,03-08-2025,2025-08-03T14:09:05.648Z
137,137,,,OUSG,OUSG,112.03,0.0,DOWN,701072269,0.0,112.03,ousg,https://coin-images.coingecko.com/coins/images/29023/large/OUSG.png?1696527993,03-08-2025,2025-08-03T14:05:15.947Z
138,138,,,GALA,GALA,0.01502049,0.74947,UP,683264731,78925879.0,0.824837,gala,https://coin-images.coingecko.com/coins/images/12493/large/GALA_token_image_-_200PNG.png?1709725869,03-08-2025,2025-08-03T14:09:03.271Z
139,139,,,Raydium,RAY,2.55,-1.35859,DOWN,682590069,48231420.0,16.83,raydium,https://coin-images.coingecko.com/coins/images/13928/large/PSigc4ie_400x400.jpg?1696513668,03-08-2025,2025-08-03T14:09:06.118Z
140,140,,,Ondo US Dollar Yield,USDY,1.086,-0.13983,DOWN,681737658,532715.0,1.26,ondo-us-dollar-yield,https://coin-images.coingecko.com/coins/images/31700/large/usdy_%281%29.png?1696530524,03-08-2025,2025-08-03T14:09:08.940Z
141,141,,,Stables Labs USDX,USDX,0.998258,-0.01806,DOWN,676294344,568272.0,1.057,usdx-money-usdx,https://coin-images.coingecko.com/coins/images/50360/large/USDX200px.png?1731906044,03-08-2025,2025-08-03T14:09:07.385Z
142,142,,,Aerodrome Finance,AERO,0.762121,-0.29099,DOWN,662162097,32429844.0,2.32,aerodrome-finance,https://coin-images.coingecko.com/coins/images/31745/large/token.png?1696530564,03-08-2025,2025-08-03T14:09:00.489Z
143,143,,,Pendle,PENDLE,3.99,0.87811,UP,661063712,89116725.0,7.5,pendle,https://coin-images.coingecko.com/coins/images/15069/large/Pendle_Logo_Normal-03.png?1696514728,03-08-2025,2025-08-03T14:09:05.237Z
144,144,,,tBTC,TBTC,113602.0,0.39719,UP,655102209,4438775.0,122930.0,tbtc,https://coin-images.coingecko.com/coins/images/11224/large/0x18084fba666a33d37592fa2633fd49a74dd93a88.png?1696511155,03-08-2025,2025-08-03T14:09:06.988Z
145,145,,,The Sandbox,SAND,0.264656,0.5273,UP,647220029,36204644.0,8.4,the-sandbox,https://coin-images.coingecko.com/coins/images/12129/large/sandbox_logo.jpg?1696511971,03-08-2025,2025-08-03T14:09:07.363Z
146,146,,,BitTorrent,BTT,6.54505e-07,-0.28351,DOWN,645409522,21234447.0,3.43e-06,bittorrent,https://coin-images.coingecko.com/coins/images/22457/large/btt_logo.png?1696521780,03-08-2025,2025-08-03T14:09:01.399Z
147,147,,,Pyth Network,PYTH,0.111781,0.97265,UP,642625260,19023952.0,1.2,pyth-network,https://coin-images.coingecko.com/coins/images/31924/large/pyth.png?1701245725,03-08-2025,2025-08-03T14:09:08.485Z
148,148,,,L2 Standard Bridged WETH (Base),WETH,3488.62,-0.54023,DOWN,629964855,642065303.0,4096.05,l2-standard-bridged-weth-base,https://coin-images.coingecko.com/coins/images/39810/large/weth.png?1724139790,03-08-2025,2025-08-03T14:09:07.691Z
149,149,,,Jito,JTO,1.68,0.34469,UP,607103974,20548449.0,6.01,jito-governance-token,https://coin-images.coingecko.com/coins/images/33228/large/jto.png?1701137022,03-08-2025,2025-08-03T14:09:05.853Z
150,150,,,Ripple USD,RLUSD,0.999399,-0.10871,DOWN,603174257,57855033.0,1.073,ripple-usd,https://coin-images.coingecko.com/coins/images/39651/large/RLUSD_200x200_%281%29.png?1727376633,03-08-2025,2025-08-03T14:09:06.265Z
151,151,,,Usual USD,USD0,0.997966,0.05821,UP,582429893,250935.0,1.33,usual-usd,https://coin-images.coingecko.com/coins/images/38272/large/USD0LOGO.png?1716962811,03-08-2025,2025-08-03T14:09:07.399Z
152,152,,,AB,AB,0.00822275,-0.94967,DOWN,582095007,47015926.0,0.01727373,newton-project,https://coin-images.coingecko.com/coins/images/4376/large/400%E6%96%B9.png?1740377493,03-08-2025,2025-08-03T14:09:09.295Z
153,153,,,Zcash,ZEC,35.86,1.42085,UP,580831021,57377338.0,3191.93,zcash,https://coin-images.coingecko.com/coins/images/486/large/circle-zcash-color.png?1696501740,03-08-2025,2025-08-03T14:09:08.196Z
154,154,,,Flow,FLOW,0.36043,0.41662,UP,576398794,15544708.0,42.4,flow,https://coin-images.coingecko.com/coins/images/13446/large/5f6294c0c7a8cda55cb1c936_Flow_Wordmark.png?1696513210,03-08-2025,2025-08-03T14:09:02.693Z
155,155,,,USDD,USDD,0.999888,0.02362,UP,570614387,7633685.0,1.052,usdd,https://coin-images.coingecko.com/coins/images/25380/large/UUSD.jpg?1696524513,03-08-2025,2025-08-03T14:09:07.229Z
156,156,,,Avalanche Bridged BTC (Avalanche),BTC.B,113924.0,0.42447,UP,560539644,60843951.0,123072.0,bitcoin-avalanche-bridged-btc-b,https://coin-images.coingecko.com/coins/images/26115/large/btcb.png?1696525205,03-08-2025,2025-08-03T14:09:01.264Z
157,157,,,Solv Protocol Staked BTC,XSOLVBTC,112731.0,-0.21889,DOWN,551126585,309033.0,121137.0,solv-protocol-solvbtc-bbn,https://coin-images.coingecko.com/coins/images/39384/large/xSolvBTC.png?1744170824,03-08-2025,2025-08-03T14:09:06.386Z
158,158,,,Stader ETHx,ETHX,3716.79,-0.54357,DOWN,543387814,126943.0,4275.3,stader-ethx,https://coin-images.coingecko.com/coins/images/30870/large/staderx.png?1696529717,03-08-2025,2025-08-03T14:09:06.347Z
159,159,,,Morpho,MORPHO,1.67,1.01485,UP,538048589,19863219.0,4.17,morpho,https://coin-images.coingecko.com/coins/images/29837/large/Morpho-token-icon.png?1726771230,03-08-2025,2025-08-03T14:09:08.786Z
160,160,,,Walrus,WAL,0.377,-0.29683,DOWN,533237037,27129600.0,0.759179,walrus-2,https://coin-images.coingecko.com/coins/images/54914/large/WAL_logo.png?1742494301,03-08-2025,2025-08-03T14:09:08.034Z
161,161,,,Arbitrum Bridged WETH (Arbitrum One),WETH,3489.81,-0.62061,DOWN,530719157,450797589.0,4097.16,arbitrum-bridged-weth-arbitrum-one,https://coin-images.coingecko.com/coins/images/39713/large/WETH.PNG?1723731496,03-08-2025,2025-08-03T14:09:01.482Z
162,162,,2.0,Beldex,BDX,0.074235,-2.83013,DOWN,530417842,2871769.0,0.450785,beldex,https://coin-images.coingecko.com/coins/images/5111/large/Beldex.png?1696505631,03-08-2025,2025-08-03T14:09:01.107Z
163,163,,,Decentraland,MANA,0.27575,1.25541,UP,529063146,25296344.0,5.85,decentraland,https://coin-images.coingecko.com/coins/images/878/large/decentraland-mana.png?1696502010,03-08-2025,2025-08-03T14:09:02.206Z
164,164,,4.0,Helium,HNT,2.79,-2.26341,DOWN,518822603,8531087.0,54.88,helium,https://coin-images.coingecko.com/coins/images/4284/large/helium_logo_use.png?1748092589,03-08-2025,2025-08-03T14:09:04.071Z
165,165,,,Bitcoin SV,BSV,25.91,-0.7095,DOWN,515316268,12141887.0,489.75,bitcoin-cash-sv,https://coin-images.coingecko.com/coins/images/6799/large/BSV.png?1696507128,03-08-2025,2025-08-03T14:09:01.188Z
166,166,8.0,,Brett,BRETT,0.052011,6.53334,UP,515402378,47279019.0,0.234204,based-brett,https://coin-images.coingecko.com/coins/images/35529/large/1000050750.png?1709031995,03-08-2025,2025-08-03T14:09:01.016Z
167,167,,,Binance-Peg Dogecoin,DOGE,0.198364,-0.47775,DOWN,509207309,2899208.0,0.480585,binance-peg-dogecoin,https://coin-images.coingecko.com/coins/images/15768/large/dogecoin.png?1696515392,03-08-2025,2025-08-03T14:09:01.250Z
168,168,,,BUILDon,B,0.495034,0.7803,UP,495318207,27751104.0,0.609597,build-on,https://coin-images.coingecko.com/coins/images/55974/large/T7asvmCb_400x400.jpg?1747902862,03-08-2025,2025-08-03T14:09:01.510Z
169,169,,,Coinbase Wrapped Staked ETH,CBETH,3847.94,-0.47153,DOWN,493834662,9652273.0,4434.57,coinbase-wrapped-staked-eth,https://coin-images.coingecko.com/coins/images/27008/large/cbeth.png?1709186989,03-08-2025,2025-08-03T14:09:02.117Z
170,170,,,Onyxcoin,XCN,0.0143261,1.00539,UP,494545280,18396101.0,0.184139,chain-2,https://coin-images.coingecko.com/coins/images/24210/large/onyxlogo.jpg?1696523397,03-08-2025,2025-08-03T14:09:01.615Z
171,171,,,TrueUSD,TUSD,0.997832,0.1733,UP,493470614,24313665.0,1.62,true-usd,https://coin-images.coingecko.com/coins/images/3449/large/tusd.png?1696504140,03-08-2025,2025-08-03T14:09:07.392Z
172,172,3.0,,Telcoin,TEL,0.00525546,9.55801,UP,486488626,2506370.0,0.064483,telcoin,https://coin-images.coingecko.com/coins/images/1899/large/tel.png?1696502892,03-08-2025,2025-08-03T14:09:07.025Z
173,173,,,Maple Finance,SYRUP,0.404183,0.72506,UP,482766217,58161668.0,0.653229,syrup,https://coin-images.coingecko.com/coins/images/51232/large/_syrup_token_logo.png?1747292046,03-08-2025,2025-08-03T14:09:06.866Z
174,174,,,Core,CORE,0.476176,1.00957,UP,479433958,15116614.0,6.14,coredaoorg,https://coin-images.coingecko.com/coins/images/28938/large/file_589.jpg?1701868471,03-08-2025,2025-08-03T14:09:02.510Z
175,175,7.0,,Rekt,REKT,1.12e-06,6.59485,UP,471057616,8683630.0,1.19e-06,rekt-4,https://coin-images.coingecko.com/coins/images/51727/large/rektcion_trans_200px.png?1731910587,03-08-2025,2025-08-03T14:09:05.757Z
176,176,,,APENFT,NFT,4.72034e-07,-0.12106,DOWN,467368811,9865099.0,7.53e-06,apenft,https://coin-images.coingecko.com/coins/images/15687/large/apenft.jpg?1696515316,03-08-2025,2025-08-03T14:09:00.806Z
177,177,,,Mog Coin,MOG,1.19e-06,-0.9567,DOWN,464525822,28686401.0,4.02e-06,mog-coin,https://coin-images.coingecko.com/coins/images/31059/large/MOG_LOGO_200x200.png?1696529893,03-08-2025,2025-08-03T14:09:08.632Z
178,178,,,Swell Ethereum,SWETH,3822.18,-0.6642,DOWN,463718889,99061.0,4395.57,sweth,https://coin-images.coingecko.com/coins/images/30326/large/_lB7zEtS_400x400.jpg?1696529227,03-08-2025,2025-08-03T14:09:06.726Z
179,179,,,Savings Dai,SDAI,1.16,0.02662,UP,449593845,26602584.0,1.27,savings-dai,https://coin-images.coingecko.com/coins/images/32254/large/sdai.png?1697015278,03-08-2025,2025-08-03T14:09:05.840Z
180,180,,,THORChain,RUNE,1.28,0.28284,UP,448814534,72765877.0,20.87,thorchain,https://coin-images.coingecko.com/coins/images/6595/large/Rune200x200.png?1696506946,03-08-2025,2025-08-03T14:09:07.212Z
181,181,,,Starknet,STRK,0.115499,1.54829,UP,443057221,24646301.0,4.41,starknet,https://coin-images.coingecko.com/coins/images/26433/large/starknet.png?1696525507,03-08-2025,2025-08-03T14:09:06.653Z
182,182,,,Reserve Rights,RSR,0.00751887,2.95038,UP,443015485,22550232.0,0.117424,reserve-rights-token,https://coin-images.coingecko.com/coins/images/8365/large/RSR_Blue_Circle_1000.png?1721777856,03-08-2025,2025-08-03T14:09:05.880Z
183,183,,,Superstate Short Duration U.S. Government Securities Fund (USTB),USTB,10.77,0.0,DOWN,442554513,0.0,10.77,superstate-short-duration-us-government-securities-fund-ustb,https://coin-images.coingecko.com/coins/images/35012/large/ustb.jpeg?1707102680,03-08-2025,2025-08-03T14:05:10.346Z
184,184,,,ApeCoin,APE,0.55112,0.08792,UP,440655314,28215470.0,26.7,apecoin,https://coin-images.coingecko.com/coins/images/24383/large/apecoin.jpg?1696523566,03-08-2025,2025-08-03T14:09:00.799Z
185,185,,,Mantle Bridged USDT (Mantle),USDT,0.999001,-0.02697,DOWN,427425522,3591907.0,1.26,mantle-bridged-usdt-mantle,https://coin-images.coingecko.com/coins/images/35069/large/logo.png?1707291114,03-08-2025,2025-08-03T14:09:08.337Z
186,186,,,Zebec Network,ZBCN,0.00493633,1.66374,UP,424168877,23854851.0,0.00700261,zebec-network,https://coin-images.coingecko.com/coins/images/37052/large/zbcn.jpeg?1713168241,03-08-2025,2025-08-03T14:09:08.069Z
187,187,,,Tokenize Xchange,TKX,5.3,1.04323,UP,424031677,483857.0,50.43,tokenize-xchange,https://coin-images.coingecko.com/coins/images/4984/large/TKX_-_Logo_-_RGB-15.png?1696505519,03-08-2025,2025-08-03T14:09:06.936Z
188,188,,,Keeta,KTA,1.039,5.41693,UP,422470476,10382324.0,1.68,keeta,https://coin-images.coingecko.com/coins/images/54723/large/2025-03-05_22.53.06.jpg?1741234207,03-08-2025,2025-08-03T14:09:06.243Z
189,189,,,Kava,KAVA,0.389716,2.66765,UP,421990183,9474308.0,9.12,kava,https://coin-images.coingecko.com/coins/images/9761/large/kava.png?1696509822,03-08-2025,2025-08-03T14:09:06.336Z
190,190,,,Compound,COMP,44.88,1.41107,UP,421525508,44109470.0,910.54,compound-governance-token,https://coin-images.coingecko.com/coins/images/10775/large/COMP.png?1696510737,03-08-2025,2025-08-03T14:09:01.976Z
191,191,,,Arweave,AR,6.4,1.49348,UP,418574295,21867305.0,89.24,arweave,https://coin-images.coingecko.com/coins/images/4343/large/oRt6SiEN_400x400.jpg?1696504946,03-08-2025,2025-08-03T14:09:00.829Z
192,192,,,Ether.fi,ETHFI,0.993566,4.77112,UP,417707185,85013920.0,8.53,ether-fi,https://coin-images.coingecko.com/coins/images/35958/large/etherfi.jpeg?1710254562,03-08-2025,2025-08-03T14:09:02.737Z
193,193,,,Frax Ether,FRXETH,3472.32,-0.75934,DOWN,416035455,1447799.0,4084.25,frax-ether,https://coin-images.coingecko.com/coins/images/28284/large/frxETH_icon.png?1696527284,03-08-2025,2025-08-03T14:09:02.846Z
194,194,,,Trip,TRIP,14.02,0.77217,UP,413698220,22230.0,14.29,trip,https://coin-images.coingecko.com/coins/images/54717/large/IMG-20250120-184423-846.png?1741186152,03-08-2025,2025-08-03T14:09:07.132Z
195,195,,,dYdX,DYDX,0.54523,1.23346,UP,413154620,10755977.0,4.52,dydx-chain,https://coin-images.coingecko.com/coins/images/32594/large/dydx.png?1698673495,03-08-2025,2025-08-03T14:09:02.821Z
196,196,,,Circle USYC,USYC,1.095,0.0,DOWN,411044918,2.19,1.12,hashnote-usyc,https://coin-images.coingecko.com/coins/images/51054/large/Hashnote_SDYC_200x200.png?1730370965,03-08-2025,2025-08-01T19:10:58.390Z
197,197,,,NEO,NEO,5.82,1.38554,UP,410560636,18083400.0,198.38,neo,https://coin-images.coingecko.com/coins/images/480/large/NEO_512_512.png?1696501735,03-08-2025,2025-08-03T14:09:08.934Z
198,198,,,DeXe,DEXE,7.1,1.01923,UP,406013274,4437500.0,32.38,dexe,https://coin-images.coingecko.com/coins/images/12713/large/DEXE_token_logo.png?1696512514,03-08-2025,2025-08-03T14:09:02.653Z
199,199,,,MultiversX,EGLD,14.21,2.00723,UP,404828532,13085521.0,545.64,elrond-erd-2,https://coin-images.coingecko.com/coins/images/12335/large/egld-token-logo.png?1696512162,03-08-2025,2025-08-03T14:09:02.648Z
200,200,,3.0,Sun Token,SUN,0.02109584,-2.58816,DOWN,404004925,26374880.0,66.45,sun-token,https://coin-images.coingecko.com/coins/images/12424/large/RSFOmQ.png?1696512245,03-08-2025,2025-08-03T14:09:06.928Z
201,201,,,Polygon PoS Bridged WETH (Polygon POS),WETH,3485.88,-0.62168,DOWN,403199754,14884568.0,4090.99,polygon-pos-bridged-weth-polygon-pos,https://coin-images.coingecko.com/coins/images/39708/large/WETH.PNG?1723730343,03-08-2025,2025-08-03T14:09:05.845Z
202,202,,,USDB,USDB,0.994228,-0.51578,DOWN,403943475,846762.0,1.088,usdb,https://coin-images.coingecko.com/coins/images/35595/large/65c67f0ebf2f6a1bd0feb13c_usdb-icon-yellow.png?1709255427,03-08-2025,2025-08-03T14:09:07.674Z
203,203,,,Polygon PoS Bridged DAI (Polygon POS),DAI,0.999639,-0.01224,DOWN,402337400,20385922.0,1.025,polygon-pos-bridged-dai-polygon-pos,https://coin-images.coingecko.com/coins/images/39787/large/dai.png?1724110678,03-08-2025,2025-08-03T14:09:05.396Z
204,204,,,eCash,XEC,2.007e-05,0.21706,UP,399305815,6464166.0,0.00038001,ecash,https://coin-images.coingecko.com/coins/images/16646/large/Logo_final-22.png?1696516207,03-08-2025,2025-08-03T14:09:06.831Z
205,205,,,AIOZ Network,AIOZ,0.335902,0.82865,UP,398592837,10063752.0,2.65,aioz-network,https://coin-images.coingecko.com/coins/images/14631/large/aioz-logo-200.png?1696514309,03-08-2025,2025-08-03T14:09:00.517Z
206,206,,,Venom,VENOM,0.184034,0.98834,UP,385731650,1405477.0,0.782403,venom,https://coin-images.coingecko.com/coins/images/28660/large/Venom_Icon.png?1696527645,03-08-2025,2025-08-03T14:09:07.425Z
207,207,,,Bridged USDC (Polygon PoS Bridge),USDC.E,0.999685,0.00712,UP,386484037,16879737.0,1.028,bridged-usdc-polygon-pos-bridge,https://coin-images.coingecko.com/coins/images/33000/large/usdc.png?1700119918,03-08-2025,2025-08-03T14:09:01.713Z
208,208,,,Treehouse ETH,TETH,4225.58,-0.59108,DOWN,375030263,1973742.0,4837.52,treehouse-eth,https://coin-images.coingecko.com/coins/images/40155/large/tETH_Logo_%28Color__No_Background%29.png?1748368386,03-08-2025,2025-08-03T14:09:07.390Z
209,209,,,Axie Infinity,AXS,2.23,1.15123,UP,371886983,21266512.0,164.9,axie-infinity,https://coin-images.coingecko.com/coins/images/13029/large/axie_infinity_logo.png?1696512817,03-08-2025,2025-08-03T14:09:01.249Z
210,210,,,Chiliz,CHZ,0.03802249,1.3333,UP,370946366,41116090.0,0.878633,chiliz,https://coin-images.coingecko.com/coins/images/8834/large/CHZ_Token_updated.png?1696508986,03-08-2025,2025-08-03T14:09:02.066Z
211,211,,,Olympus,OHM,22.58,1.26082,UP,369850139,416912.0,1415.26,olympus,https://coin-images.coingecko.com/coins/images/14483/large/token_OHM_%281%29.png?1696514169,03-08-2025,2025-08-03T14:09:09.065Z
212,212,,,Unit Bitcoin,UBTC,114005.0,0.47913,UP,366684239,51650571.0,122998.0,unit-bitcoin,https://coin-images.coingecko.com/coins/images/55066/large/ubtc.jpg?1743580113,03-08-2025,2025-08-03T14:09:07.335Z
213,213,,,ZKsync,ZK,0.050323,0.79074,UP,363955792,16180252.0,0.320983,zksync,https://coin-images.coingecko.com/coins/images/38043/large/ZKTokenBlack.png?1718614502,03-08-2025,2025-08-03T14:09:08.587Z
214,214,,,EigenCloud (prev. EigenLayer),EIGEN,1.12,2.86249,UP,355391571,50715648.0,5.65,eigenlayer,https://coin-images.coingecko.com/coins/images/37441/large/eigencloud.jpg?1751003565,03-08-2025,2025-08-03T14:09:02.784Z
215,215,,,Wormhole,W,0.075209,1.7898,UP,353273986,20945961.0,1.66,wormhole,https://coin-images.coingecko.com/coins/images/35087/large/womrhole_logo_full_color_rgb_2000px_72ppi_fb766ac85a.png?1708688954,03-08-2025,2025-08-03T14:09:08.821Z
216,216,,,WEMIX,WEMIX,0.768533,-0.11448,DOWN,349993439,6103473.0,24.71,wemix-token,https://coin-images.coingecko.com/coins/images/12998/large/wemixcoin_color_200.png?1696512788,03-08-2025,2025-08-03T14:09:07.578Z
217,217,,7.0,Bybit Staked SOL,BBSOL,177.12,-1.87965,DOWN,350872316,1082680.0,308.6,bybit-staked-sol,https://coin-images.coingecko.com/coins/images/40095/large/400x400.png?1725628094,03-08-2025,2025-08-03T14:09:01.424Z
218,218,,,Beam,BEAM,0.00679804,0.83367,UP,349076473,11331769.0,0.04416304,beam-2,https://coin-images.coingecko.com/coins/images/32417/large/cgicon.png?1747892021,03-08-2025,2025-08-03T14:09:01.399Z
219,219,,,1inch,1INCH,0.249636,2.20425,UP,348410788,22421372.0,8.65,1inch,https://coin-images.coingecko.com/coins/images/13469/large/1inch-token.png?1696513230,03-08-2025,2025-08-03T14:09:00.472Z
220,220,,,Ronin,RON,0.500653,1.37682,UP,346756121,5202845.0,4.45,ronin,https://coin-images.coingecko.com/coins/images/20009/large/photo_2024-04-06_22-52-24.jpg?1712415367,03-08-2025,2025-08-03T14:09:06.394Z
221,221,,,Wrapped HYPE,WHYPE,38.1,0.1542,UP,346582681,88342446.0,49.81,wrapped-hype,https://coin-images.coingecko.com/coins/images/54469/large/_UP3jBsi_400x400.jpg?1739905920,03-08-2025,2025-08-03T14:09:08.123Z
222,222,,,Ether.fi Staked BTC,EBTC,114023.0,0.51694,UP,342446370,39660.0,122924.0,ether-fi-staked-btc,https://coin-images.coingecko.com/coins/images/50411/large/eBTC.png?1727664788,03-08-2025,2025-08-03T14:09:02.593Z
223,223,,,Movement,MOVE,0.128679,0.40147,UP,341006684,18391656.0,1.45,movement,https://coin-images.coingecko.com/coins/images/39345/large/movement-testnet-token.png?1721878759,03-08-2025,2025-08-03T14:09:08.891Z
224,224,,,Axelar,AXL,0.336936,1.75717,UP,340869692,12365752.0,2.64,axelar,https://coin-images.coingecko.com/coins/images/27277/large/V-65_xQ1_400x400.jpeg?1696526329,03-08-2025,2025-08-03T14:09:01.067Z
225,225,,,DeepBook,DEEP,0.136205,3.81186,UP,340512663,33859562.0,0.341085,deep,https://coin-images.coingecko.com/coins/images/50648/large/DEEP_Logo_256x256_px_%282%29.png?1728612340,03-08-2025,2025-08-03T14:09:02.170Z
226,226,,,Wrapped AVAX,WAVAX,21.41,-0.94573,DOWN,336697352,42379031.0,2000.68,wrapped-avax,https://coin-images.coingecko.com/coins/images/15075/large/wrapped-avax.png?1696514734,03-08-2025,2025-08-03T14:09:08.412Z
227,227,10.0,,Convex Finance,CVX,4.08,5.42194,UP,334413515,35693238.0,60.09,convex-finance,https://coin-images.coingecko.com/coins/images/15585/large/convex.png?1696515221,03-08-2025,2025-08-03T14:09:03.287Z
228,228,,,BENQI Liquid Staked AVAX,SAVAX,26.08,-0.70329,DOWN,334649252,11567962.0,103.55,benqi-liquid-staked-avax,https://coin-images.coingecko.com/coins/images/23657/large/savax_blue.png?1696522860,03-08-2025,2025-08-03T14:09:07.803Z
229,229,,,Polygon Bridged WBTC (Polygon POS),WBTC,113854.0,0.44371,UP,332850508,5526566.0,122558.0,polygon-bridged-wbtc-polygon-pos,https://coin-images.coingecko.com/coins/images/39530/large/wbtc.png?1722809402,03-08-2025,2025-08-03T14:09:05.664Z
230,230,,,EOS,EOS,0.497065,1.00204,UP,332732369,419927.0,22.71,eos,https://coin-images.coingecko.com/coins/images/738/large/CG_EOS_Icon.png?1731705232,03-08-2025,2025-08-03T14:09:02.826Z
231,231,,,Qubic,QUBIC,2.7e-06,2.81483,UP,329297815,9495934.0,1.256e-05,qubic-network,https://coin-images.coingecko.com/coins/images/32949/large/qubic-logo-new.png?1753939209,03-08-2025,2025-08-03T14:09:05.489Z
232,232,,,Global Dollar,USDG,0.999767,0.01389,UP,326863477,9448098.0,1.65,global-dollar,https://coin-images.coingecko.com/coins/images/51281/large/GDN_USDG_Token_200x200.png?1730484111,03-08-2025,2025-08-03T14:09:02.960Z
233,233,,,Terra Luna Classic,LUNC,5.821e-05,0.71171,UP,325914964,16210260.0,119.18,terra-luna,https://coin-images.coingecko.com/coins/images/8284/large/01_LunaClassic_color.png?1696508486,03-08-2025,2025-08-03T14:09:06.982Z
234,234,,,Aethir,ATH,0.03057607,2.11973,UP,325002627,38624937.0,0.118536,aethir,https://coin-images.coingecko.com/coins/images/36179/large/logogram_circle_dark_green_vb_green_%281%29.png?1718232706,03-08-2025,2025-08-03T14:09:00.658Z
235,235,,,Akash Network,AKT,1.17,1.53433,UP,323220505,6311679.0,8.07,akash-network,https://coin-images.coingecko.com/coins/images/12785/large/akash-logo.png?1696512580,03-08-2025,2025-08-03T14:09:00.576Z
236,236,,,JUST,JST,0.03242309,-1.63255,DOWN,320877029,28319714.0,0.193254,just,https://coin-images.coingecko.com/coins/images/11095/large/JUST.jpg?1696511035,03-08-2025,2025-08-03T14:09:06.001Z
237,237,,,Gnosis,GNO,118.51,0.00122,UP,312879926,7642813.0,644.2,gnosis,https://coin-images.coingecko.com/coins/images/662/large/logo_square_simple_300px.png?1696501854,03-08-2025,2025-08-03T14:09:03.189Z
238,238,,,SuperVerse,SUPER,0.69257,1.69434,UP,312593891,11467061.0,4.74,superfarm,https://coin-images.coingecko.com/coins/images/14040/large/SV-Logo-200x200.png?1706880312,03-08-2025,2025-08-03T14:09:06.766Z
239,239,,,Binance-Peg BUSD,BUSD,0.998802,-0.14901,DOWN,312405823,3055224.0,1.064,binance-peg-busd,https://coin-images.coingecko.com/coins/images/31273/large/new_binance-peg-busd.png?1696530096,03-08-2025,2025-08-03T14:09:02.834Z
240,240,,,Trust Wallet,TWT,0.737784,-0.00336,DOWN,307450053,8667610.0,2.72,trust-wallet-token,https://coin-images.coingecko.com/coins/images/11085/large/Trust.png?1696511026,03-08-2025,2025-08-03T14:09:07.304Z
241,241,,,ETHPlus,ETH+,3665.26,-0.78375,DOWN,306871808,388595.0,4194.11,reserve-protocol-eth-plus,https://coin-images.coingecko.com/coins/images/38061/large/ETH__Logo.png?1716440789,03-08-2025,2025-08-03T14:09:05.718Z
242,242,,,GHO,GHO,0.999093,0.04232,UP,305107765,44558688.0,1.03,gho,https://coin-images.coingecko.com/coins/images/30663/large/gho-token-logo.png?1720517092,03-08-2025,2025-08-03T14:09:03.022Z
243,243,,,Amp,AMP,0.00360426,5.08949,UP,303843775,38941332.0,0.120813,amp-token,https://coin-images.coingecko.com/coins/images/12409/large/amp-200x200.png?1696512231,03-08-2025,2025-08-03T14:09:00.814Z
244,244,,,Staked Frax Ether,SFRXETH,3926.63,-0.77757,DOWN,299694116,156613.0,7545.09,staked-frax-ether,https://coin-images.coingecko.com/coins/images/28285/large/sfrxETH_icon.png?1696527285,03-08-2025,2025-08-03T14:09:06.453Z
245,245,,,Legacy Frax Dollar,FRAX,0.997862,0.06393,UP,298001611,18764690.0,1.14,frax,https://coin-images.coingecko.com/coins/images/13422/large/LFRAX.png?1751911193,03-08-2025,2025-08-03T14:09:06.248Z
246,246,,,Turbo,TURBO,0.00429674,0.18599,UP,296419014,33347039.0,0.01431669,turbo,https://coin-images.coingecko.com/coins/images/30117/large/TurboMark-QL_200.png?1708079597,03-08-2025,2025-08-03T14:09:07.474Z
247,247,,,Creditcoin,CTC,0.641201,1.39033,UP,294519782,7199961.0,8.67,creditcoin-2,https://coin-images.coingecko.com/coins/images/10569/large/Creditcoin_Symbol_dark56.png?1737796066,03-08-2025,2025-08-03T14:09:03.143Z
248,248,,,Polygon,MATIC,0.200569,1.60136,UP,289154188,704070.0,2.92,matic-network,https://coin-images.coingecko.com/coins/images/4713/large/polygon.png?1698233745,03-08-2025,2025-08-03T14:09:08.526Z
249,249,,,Staked HYPE,STHYPE,37.93,0.09776,UP,287681538,4089478.0,49.79,staked-hype,https://coin-images.coingecko.com/coins/images/54509/large/hyperliquid.jpg?1740065301,03-08-2025,2025-08-03T14:09:06.420Z
250,250,,,Popcat,POPCAT,0.293784,-0.05822,DOWN,287675181,33062764.0,2.05,popcat,https://coin-images.coingecko.com/coins/images/33760/large/image.jpg?1702964227,03-08-2025,2025-08-03T14:09:05.541Z
