id,rank,name,symbol,current_price,price_change_24h,change_symbol,market_cap,volume_24h,ath,image,date,last_updated,number,loser_rank,gainer_rank
bitcoin,1,Bitcoin,BTC,114342.0,1.82142,UP,2276052150024,27333849979.0,122838.0,https://coin-images.coingecko.com/coins/images/1/large/bitcoin.png?1696501400,03-08-2025,2025-08-03T19:09:12.090Z,1,,
ethereum,2,Ethereum,ETH,3492.41,3.1495,UP,421785365004,23070437851.0,4878.26,https://coin-images.coingecko.com/coins/images/279/large/ethereum.png?1696501628,03-08-2025,2025-08-03T19:09:13.342Z,2,,
ripple,3,XRP,XRP,2.91,4.92412,UP,172962909523,11448659340.0,3.65,https://coin-images.coingecko.com/coins/images/44/large/xrp-symbol-white-128.png?1696501442,03-08-2025,2025-08-03T19:09:07.763Z,3,,
tether,4,Tether,USDT,0.99987,0.01557,UP,163888139088,272189861409.0,1.32,https://coin-images.coingecko.com/coins/images/325/large/Tether.png?1696501661,03-08-2025,2025-08-03T19:09:08.747Z,4,,
binancecoin,5,BNB,BNB,751.79,2.13261,UP,104759960248,1862292879.0,858.34,https://coin-images.coingecko.com/coins/images/825/large/bnb-icon2_2x.png?1696501970,03-08-2025,2025-08-03T19:09:11.758Z,5,,
solana,6,Solana,SOL,161.63,2.99413,UP,87054688521,3970235357.0,293.31,https://coin-images.coingecko.com/coins/images/4128/large/solana.png?1718769756,03-08-2025,2025-08-03T19:09:07.814Z,6,,
usd-coin,7,USDC,USDC,0.999605,-0.01066,DOWN,64172981812,3567851703.0,1.17,https://coin-images.coingecko.com/coins/images/6319/large/usdc.png?1696506694,03-08-2025,2025-08-03T19:09:10.705Z,7,,
staked-ether,8,Lido Staked Ether,STETH,3487.69,3.17838,UP,31112847680,48864454.0,4829.57,https://coin-images.coingecko.com/coins/images/13442/large/steth_logo.png?1696513206,03-08-2025,2025-08-03T19:09:07.424Z,8,,
tron,9,TRON,TRX,0.32599,2.01059,UP,30866316572,915194125.0,0.431288,https://coin-images.coingecko.com/coins/images/1094/large/tron-logo.png?1696502193,03-08-2025,2025-08-03T19:09:10.297Z,9,,
dogecoin,10,Dogecoin,DOGE,0.198938,3.85818,UP,29963099960,1611650536.0,0.731578,https://coin-images.coingecko.com/coins/images/5/large/dogecoin.png?1696501409,03-08-2025,2025-08-03T19:09:12.680Z,10,,
cardano,11,Cardano,ADA,0.723705,4.95756,UP,26229580172,1044163283.0,3.09,https://coin-images.coingecko.com/coins/images/975/large/cardano.png?1696502090,03-08-2025,2025-08-03T19:09:12.316Z,11,,
wrapped-bitcoin,12,Wrapped Bitcoin,WBTC,114336.0,1.84847,UP,14508717724,132957698.0,122745.0,https://coin-images.coingecko.com/coins/images/7598/large/wrapped_bitcoin_wbtc.png?1696507857,03-08-2025,2025-08-03T19:09:18.616Z,12,,
wrapped-steth,13,Wrapped stETH,WSTETH,4219.31,3.15753,UP,13676365232,18905667.0,7256.02,https://coin-images.coingecko.com/coins/images/18834/large/wstETH.png?1696518295,03-08-2025,2025-08-03T19:09:09.334Z,13,,
hyperliquid,14,Hyperliquid,HYPE,38.41,6.9259,UP,12826793099,277394205.0,49.75,https://coin-images.coingecko.com/coins/images/50882/large/hyperliquid.jpg?1729431300,03-08-2025,2025-08-03T19:09:13.460Z,14,,
stellar,15,Stellar,XLM,0.397438,9.03637,UP,12431155865,408865343.0,0.875563,https://coin-images.coingecko.com/coins/images/100/large/fmpFRHHQ_400x400.jpg?1735231350,03-08-2025,2025-08-03T19:09:09.037Z,15,,
sui,16,Sui,SUI,3.44,4.32945,UP,12074078008,1110218176.0,5.35,https://coin-images.coingecko.com/coins/images/26375/large/sui-ocean-square.png?1727791290,03-08-2025,2025-08-03T19:09:08.745Z,16,,
wrapped-beacon-eth,17,Wrapped Beacon ETH,WBETH,3754.59,3.17888,UP,11129191220,8423563.0,4317.06,https://coin-images.coingecko.com/coins/images/30061/large/wbeth-icon.png?1696528983,03-08-2025,2025-08-03T19:09:08.954Z,17,,
chainlink,18,Chainlink,LINK,16.25,4.60448,UP,11035066168,344995582.0,52.7,https://coin-images.coingecko.com/coins/images/877/large/chainlink-new-logo.png?1696502009,03-08-2025,2025-08-03T19:09:12.402Z,18,,
bitcoin-cash,19,Bitcoin Cash,BCH,541.0,3.26047,UP,10782004730,1031365693.0,3785.82,https://coin-images.coingecko.com/coins/images/780/large/bitcoin-cash-circle.png?1696501932,03-08-2025,2025-08-03T19:09:11.531Z,19,,
hedera-hashgraph,20,Hedera,HBAR,0.247074,8.51828,UP,10472322951,409238108.0,0.569229,https://coin-images.coingecko.com/coins/images/3688/large/hbar.png?1696504364,03-08-2025,2025-08-03T19:09:13.317Z,20,,
wrapped-eeth,21,Wrapped eETH,WEETH,3744.36,3.10714,UP,9798116963,9553871.0,4311.81,https://coin-images.coingecko.com/coins/images/33033/large/weETH.png?1701438396,03-08-2025,2025-08-03T19:09:09.402Z,21,,
ethena-usde,22,Ethena USDe,USDE,1.001,0.00548,UP,9254217259,1179864302.0,1.032,https://coin-images.coingecko.com/coins/images/33613/large/usde.png?1733810059,03-08-2025,2025-08-03T19:09:12.825Z,22,,
avalanche-2,23,Avalanche,AVAX,21.41,3.12379,UP,9044226237,300682840.0,144.96,https://coin-images.coingecko.com/coins/images/12559/large/Avalanche_Circle_RedWhite_Trans.png?1696512369,03-08-2025,2025-08-03T19:09:11.108Z,23,,
the-open-network,24,Toncoin,TON,3.64,3.70823,UP,8791606709,287742419.0,8.25,https://coin-images.coingecko.com/coins/images/17980/large/photo_2024-09-10_17.09.00.jpeg?1725963446,03-08-2025,2025-08-03T19:09:08.760Z,24,,
litecoin,25,Litecoin,LTC,108.92,3.61692,UP,8297947527,1345685803.0,410.26,https://coin-images.coingecko.com/coins/images/2/large/litecoin.png?1696501400,03-08-2025,2025-08-03T19:09:20.310Z,25,,
leo-token,26,LEO Token,LEO,8.95,-0.0726,DOWN,8265039855,1808442.0,10.14,https://coin-images.coingecko.com/coins/images/8418/large/leo-token.png?1696508607,03-08-2025,2025-08-03T19:09:19.810Z,26,9.0,
weth,27,WETH,WETH,3493.81,3.09618,UP,7930850114,50767934.0,4799.89,https://coin-images.coingecko.com/coins/images/2518/large/weth.png?1696503332,03-08-2025,2025-08-03T19:09:09.599Z,27,,
usds,28,USDS,USDS,0.99975,-0.00927,DOWN,7647064868,6064024.0,1.057,https://coin-images.coingecko.com/coins/images/39926/large/usds.webp?1726666683,03-08-2025,2025-08-03T19:09:08.729Z,28,,
shiba-inu,29,Shiba Inu,SHIB,1.22e-05,4.38869,UP,7188733485,124414044.0,8.616e-05,https://coin-images.coingecko.com/coins/images/11939/large/shiba.png?1696511800,03-08-2025,2025-08-03T19:09:10.337Z,29,,
binance-bridged-usdt-bnb-smart-chain,30,Binance Bridged USDT (BNB Smart Chain),BSC-USD,0.999479,0.07735,UP,6781172654,2185591230.0,1.05,https://coin-images.coingecko.com/coins/images/35021/large/USDT.png?1707233575,03-08-2025,2025-08-03T19:09:11.812Z,30,,
coinbase-wrapped-btc,31,Coinbase Wrapped BTC,CBBTC,114381.0,2.18977,UP,6167686683,271006569.0,123036.0,https://coin-images.coingecko.com/coins/images/40143/large/cbbtc.webp?1726136727,03-08-2025,2025-08-03T19:09:12.606Z,31,,
whitebit,32,WhiteBIT Coin,WBT,42.62,1.85807,UP,6142515826,32178999.0,52.27,https://coin-images.coingecko.com/coins/images/27045/large/wbt_token.png?1696526096,03-08-2025,2025-08-03T19:09:11.848Z,32,,
monero,33,Monero,XMR,298.85,2.28577,UP,5518194750,93630486.0,542.33,https://coin-images.coingecko.com/coins/images/69/large/monero_logo.png?1696501460,03-08-2025,2025-08-03T19:09:05.749Z,33,,
uniswap,34,Uniswap,UNI,9.14,4.02807,UP,5489136210,286343851.0,44.92,https://coin-images.coingecko.com/coins/images/12504/large/uniswap-logo.png?1720676669,03-08-2025,2025-08-03T19:09:08.768Z,34,,
polkadot,35,Polkadot,DOT,3.59,4.10789,UP,5475532757,192550467.0,54.98,https://coin-images.coingecko.com/coins/images/12171/large/polkadot.png?1696512008,03-08-2025,2025-08-03T19:09:17.560Z,35,,
ethena-staked-usde,36,Ethena Staked USDe,SUSDE,1.19,0.20666,UP,5203432412,257536221.0,1.29,https://coin-images.coingecko.com/coins/images/33669/large/sUSDe-Symbol-Color.png?1716307680,03-08-2025,2025-08-03T19:09:12.692Z,36,,
bitget-token,37,Bitget Token,BGB,4.34,2.57603,UP,4944812784,65342382.0,8.45,https://coin-images.coingecko.com/coins/images/11610/large/Bitget_logo.png?1736925727,03-08-2025,2025-08-03T19:09:11.344Z,37,,
pepe,38,Pepe,PEPE,1.048e-05,5.23772,UP,4407848409,429849168.0,2.803e-05,https://coin-images.coingecko.com/coins/images/29850/large/pepe-token.jpeg?1696528776,03-08-2025,2025-08-03T19:09:06.610Z,38,,
crypto-com-chain,39,Cronos,CRO,0.133747,8.3451,UP,4331323877,29504791.0,0.965407,https://coin-images.coingecko.com/coins/images/7310/large/cro_token_logo.png?1696507599,03-08-2025,2025-08-03T19:09:12.267Z,39,,
aave,40,Aave,AAVE,258.76,4.60972,UP,3935175087,277839720.0,661.69,https://coin-images.coingecko.com/coins/images/12645/large/aave-token-round.png?1720472354,03-08-2025,2025-08-03T19:09:10.564Z,40,,
ethena,41,Ethena,ENA,0.590277,12.56596,UP,3754616541,1065504225.0,1.52,https://coin-images.coingecko.com/coins/images/36530/large/ethena.png?1711701436,03-08-2025,2025-08-03T19:09:12.896Z,41,,8.0
dai,42,Dai,DAI,0.999716,-0.02692,DOWN,3734847544,78710729.0,1.22,https://coin-images.coingecko.com/coins/images/9956/large/Badge_Dai.png?1696509996,03-08-2025,2025-08-03T19:09:12.355Z,42,,
bittensor,43,Bittensor,TAO,350.32,6.36483,UP,3350487690,95120805.0,757.6,https://coin-images.coingecko.com/coins/images/28452/large/ARUsPeNQ_400x400.jpeg?1696527447,03-08-2025,2025-08-03T19:09:11.423Z,43,,
ethereum-classic,44,Ethereum Classic,ETC,19.8,3.48975,UP,3028840823,267523207.0,167.09,https://coin-images.coingecko.com/coins/images/453/large/ethereum-classic-logo.png?1696501717,03-08-2025,2025-08-03T19:09:13.015Z,44,,
near,45,NEAR Protocol,NEAR,2.43,4.99466,UP,3021643436,118698685.0,20.44,https://coin-images.coingecko.com/coins/images/10365/large/near.jpg?1696510367,03-08-2025,2025-08-03T19:09:06.104Z,45,,
ondo-finance,46,Ondo,ONDO,0.922459,8.02977,UP,2914630481,131591192.0,2.14,https://coin-images.coingecko.com/coins/images/26580/large/ONDO.png?1696525656,03-08-2025,2025-08-03T19:09:11.942Z,46,,
pi-network,47,Pi Network,PI,0.366305,4.79537,UP,2844153057,100095238.0,2.99,https://coin-images.coingecko.com/coins/images/54342/large/pi_network.jpg?1739347576,03-08-2025,2025-08-03T19:09:06.581Z,47,,
aptos,48,Aptos,APT,4.23,3.84848,UP,2837959174,362098078.0,19.92,https://coin-images.coingecko.com/coins/images/26455/large/aptos_round.png?1696525528,03-08-2025,2025-08-03T19:09:11.265Z,48,,
okb,49,OKB,OKB,46.37,1.06151,UP,2782183946,9687067.0,73.8,https://coin-images.coingecko.com/coins/images/4463/large/WeChat_Image_20220118095654.png?1696505053,03-08-2025,2025-08-03T19:09:06.075Z,49,,
internet-computer,50,Internet Computer,ICP,5.09,4.21942,UP,2732691447,41184933.0,700.65,https://coin-images.coingecko.com/coins/images/14495/large/Internet_Computer_logo.png?1696514180,03-08-2025,2025-08-03T19:09:13.908Z,50,,
jito-staked-sol,51,Jito Staked SOL,JITOSOL,197.34,2.96559,UP,2561317223,26262932.0,339.52,https://coin-images.coingecko.com/coins/images/28046/large/JitoSOL-200.png?1696527060,03-08-2025,2025-08-03T19:09:13.770Z,51,,
blackrock-usd-institutional-digital-liquidity-fund,52,BlackRock USD Institutional Digital Liquidity Fund,BUIDL,1.0,0.0,DOWN,2411998201,0.0,1.0,https://coin-images.coingecko.com/coins/images/36291/large/blackrock.png?1711013223,03-08-2025,2025-08-03T19:05:01.748Z,52,,
mantle,53,Mantle,MNT,0.702896,3.39408,UP,2365795993,149486519.0,1.54,https://coin-images.coingecko.com/coins/images/30980/large/Mantle-Logo-mark.png?1739213200,03-08-2025,2025-08-03T19:09:05.399Z,53,,
kaspa,54,Kaspa,KAS,0.086038,6.76704,UP,2268709567,59265087.0,0.207411,https://coin-images.coingecko.com/coins/images/25751/large/kaspa-icon-exchanges.png?1696524837,03-08-2025,2025-08-03T19:09:13.768Z,54,,
pudgy-penguins,55,Pudgy Penguins,PENGU,0.03459099,9.57215,UP,2174442518,446624417.0,0.068447,https://coin-images.coingecko.com/coins/images/52622/large/PUDGY_PENGUINS_PENGU_PFP.png?1733809110,03-08-2025,2025-08-03T19:09:07.189Z,55,,
usd1-wlfi,56,USD1,USD1,0.999074,0.0484,UP,2168562178,329341793.0,1.025,https://coin-images.coingecko.com/coins/images/54977/large/USD1_1000x1000_transparent.png?1749297002,03-08-2025,2025-08-03T19:09:16.342Z,56,,
binance-peg-weth,57,Binance-Peg WETH,WETH,3488.95,3.23853,UP,2112582329,49230740.0,4098.26,https://coin-images.coingecko.com/coins/images/39580/large/weth.png?1723006716,03-08-2025,2025-08-03T19:09:11.495Z,57,,
algorand,58,Algorand,ALGO,0.241971,7.43419,UP,2107161633,97162798.0,3.56,https://coin-images.coingecko.com/coins/images/4380/large/download.png?1696504978,03-08-2025,2025-08-03T19:09:10.718Z,58,,
gatechain-token,59,Gate,GT,16.91,2.27665,UP,2021405194,5373499.0,25.94,https://coin-images.coingecko.com/coins/images/8183/large/200X200.png?1735246724,03-08-2025,2025-08-03T19:09:12.902Z,59,,
bonk,60,Bonk,BONK,2.613e-05,7.57178,UP,2023083983,285652463.0,5.825e-05,https://coin-images.coingecko.com/coins/images/28600/large/bonk.jpg?1696527587,03-08-2025,2025-08-03T19:09:11.707Z,60,,
vechain,61,VeChain,VET,0.02312146,5.82247,UP,1989742066,29380929.0,0.280991,https://coin-images.coingecko.com/coins/images/1167/large/VET.png?1742383283,03-08-2025,2025-08-03T19:09:09.125Z,61,,
fasttoken,62,Fasttoken,FTN,4.58,0.07668,UP,1975629373,60011883.0,4.61,https://coin-images.coingecko.com/coins/images/28478/large/lightenicon_200x200.png?1696527472,03-08-2025,2025-08-03T19:09:12.912Z,62,,
arbitrum,63,Arbitrum,ARB,0.38261,5.38219,UP,1971711173,150925465.0,2.39,https://coin-images.coingecko.com/coins/images/16547/large/arb.jpg?1721358242,03-08-2025,2025-08-03T19:09:16.633Z,63,,
cosmos,64,Cosmos Hub,ATOM,4.24,4.99401,UP,1958664889,83437062.0,44.45,https://coin-images.coingecko.com/coins/images/1481/large/cosmos_hub.png?1696502525,03-08-2025,2025-08-03T19:09:12.252Z,64,,
render-token,65,Render,RENDER,3.56,5.58818,UP,1844915022,60857911.0,13.53,https://coin-images.coingecko.com/coins/images/11636/large/rndr.png?1696511529,03-08-2025,2025-08-03T19:09:07.458Z,65,,
story-2,66,Story,IP,6.18,7.02271,UP,1828400478,46450999.0,7.31,https://coin-images.coingecko.com/coins/images/54035/large/Transparent_bg.png?1738075331,03-08-2025,2025-08-03T19:09:15.023Z,66,,
polygon-ecosystem-token,67,POL (ex-MATIC),POL,0.201374,5.32072,UP,1821119714,59721578.0,1.29,https://coin-images.coingecko.com/coins/images/32440/large/polygon.png?1698233684,03-08-2025,2025-08-03T19:09:06.673Z,67,,
susds,68,sUSDS,SUSDS,1.062,0.01512,UP,1787907369,113622127.0,1.088,https://coin-images.coingecko.com/coins/images/52721/large/sUSDS_Coin.png?1734086971,03-08-2025,2025-08-03T19:09:11.853Z,68,,
worldcoin-wld,69,Worldcoin,WLD,0.972413,5.54329,UP,1779966834,123771010.0,11.74,https://coin-images.coingecko.com/coins/images/31069/large/worldcoin.jpeg?1696529903,03-08-2025,2025-08-03T19:09:09.293Z,69,,
official-trump,70,Official Trump,TRUMP,8.84,4.20246,UP,1768625329,207612621.0,73.43,https://coin-images.coingecko.com/coins/images/53746/large/trump.png?1737171561,03-08-2025,2025-08-03T19:09:06.242Z,70,,
binance-staked-sol,71,Binance Staked SOL,BNSOL,172.61,3.60558,UP,1716266946,8479388.0,297.96,https://coin-images.coingecko.com/coins/images/40132/large/bnsol.png?1725968367,03-08-2025,2025-08-03T19:09:11.293Z,71,,
sky,72,Sky,SKY,0.078707,3.4646,UP,1674435735,1795628.0,0.100535,https://coin-images.coingecko.com/coins/images/39925/large/sky.jpg?1724827980,03-08-2025,2025-08-03T19:09:18.139Z,72,,
fetch-ai,73,Artificial Superintelligence Alliance,FET,0.633981,4.44435,UP,1651716948,57238062.0,3.45,https://coin-images.coingecko.com/coins/images/5681/large/ASI.png?1719827289,03-08-2025,2025-08-03T19:09:12.909Z,73,,
jupiter-perpetuals-liquidity-provider-token,74,Jupiter Perpetuals Liquidity Provider Token,JLP,4.85,1.53965,UP,1649299980,25666162.0,5.26,https://coin-images.coingecko.com/coins/images/33094/large/jlp.png?1700631386,03-08-2025,2025-08-03T19:09:13.913Z,74,,
rocket-pool-eth,75,Rocket Pool ETH,RETH,3974.26,3.11509,UP,1644088090,3391739.0,4814.31,https://coin-images.coingecko.com/coins/images/20764/large/reth.png?1696520159,03-08-2025,2025-08-03T19:09:07.042Z,75,,
sei-network,76,Sei,SEI,0.279918,5.5526,UP,1618472330,109043320.0,1.14,https://coin-images.coingecko.com/coins/images/28205/large/Sei_Logo_-_Transparent.png?1696527207,03-08-2025,2025-08-03T19:09:07.175Z,76,,
flare-networks,77,Flare,FLR,0.02305668,6.16684,UP,1607217966,12353044.0,0.150073,https://coin-images.coingecko.com/coins/images/28624/large/FLR-icon200x200.png?1696527609,03-08-2025,2025-08-03T19:09:12.806Z,77,,
quant-network,78,Quant,QNT,110.04,3.72594,UP,1601185571,17657112.0,427.42,https://coin-images.coingecko.com/coins/images/3370/large/5ZOu7brX_400x400.jpg?1696504070,03-08-2025,2025-08-03T19:09:06.891Z,78,,
filecoin,79,Filecoin,FIL,2.33,4.39573,UP,1595865890,107263596.0,236.84,https://coin-images.coingecko.com/coins/images/12817/large/filecoin.png?1696512609,03-08-2025,2025-08-03T19:09:12.975Z,79,,
lombard-staked-btc,80,Lombard Staked BTC,LBTC,114355.0,2.08312,UP,1592550201,4529543.0,123777.0,https://coin-images.coingecko.com/coins/images/39969/large/LBTC_Logo.png?1724959872,03-08-2025,2025-08-03T19:09:20.165Z,80,,
kelp-dao-restaked-eth,81,Kelp DAO Restaked ETH,RSETH,3663.69,3.10325,UP,1553294026,653584.0,4216.2,https://coin-images.coingecko.com/coins/images/33800/large/Icon___Dark.png?1702991855,03-08-2025,2025-08-03T19:09:13.610Z,81,,
spx6900,82,SPX6900,SPX,1.63,13.03685,UP,1515376460,73313372.0,2.27,https://coin-images.coingecko.com/coins/images/31401/large/centeredcoin_%281%29.png?1737048493,03-08-2025,2025-08-03T19:09:07.729Z,82,,6.0
xdce-crowd-sale,83,XDC Network,XDC,0.093038,2.7304,UP,1510545159,36613819.0,0.192754,https://coin-images.coingecko.com/coins/images/2912/large/xdc-icon.png?1696503661,03-08-2025,2025-08-03T19:09:09.152Z,83,,
usdtb,84,USDtb,USDTB,0.999951,0.02116,UP,1437170086,5719274.0,1.018,https://coin-images.coingecko.com/coins/images/52804/large/USDtbSmall.png?1734344946,03-08-2025,2025-08-03T19:09:08.767Z,84,,
jupiter-exchange-solana,85,Jupiter,JUP,0.461192,7.37337,UP,1413777358,43361249.0,2.0,https://coin-images.coingecko.com/coins/images/34188/large/jup.png?1704266489,03-08-2025,2025-08-03T19:09:13.750Z,85,,
usdt0,86,USDT0,USDT0,0.999389,0.13482,UP,1363264328,172334825.0,1.052,https://coin-images.coingecko.com/coins/images/53705/large/usdt0.jpg?1737086183,03-08-2025,2025-08-03T19:09:08.813Z,86,,
kucoin-shares,87,KuCoin,KCS,10.51,0.86843,UP,1341490146,5294072.0,28.83,https://coin-images.coingecko.com/coins/images/1047/large/sa9z79.png?1696502152,03-08-2025,2025-08-03T19:09:13.913Z,87,,
stakewise-v3-oseth,88,StakeWise Staked ETH,OSETH,3673.46,3.10026,UP,1319659174,23520.0,4228.59,https://coin-images.coingecko.com/coins/images/33117/large/Frame_27513839.png?1700732599,03-08-2025,2025-08-03T19:09:07.429Z,88,,
nexo,89,NEXO,NEXO,1.32,3.7731,UP,1316430104,9754971.0,4.07,https://coin-images.coingecko.com/coins/images/3695/large/CG-nexo-token-200x200_2x.png?1730414360,03-08-2025,2025-08-03T19:09:05.914Z,89,,
hash-2,90,Provenance Blockchain,HASH,0.02724046,-1.7746,DOWN,1294549922,5071.87,0.058737,https://coin-images.coingecko.com/coins/images/66154/large/Hastra_Icon.png?1748497203,03-08-2025,2025-08-03T19:09:13.172Z,90,2.0,
first-digital-usd,91,First Digital USD,FDUSD,0.997489,0.1233,UP,1283560177,3087267365.0,1.15,https://coin-images.coingecko.com/coins/images/31079/large/FDUSD_icon_black.png?1731097953,03-08-2025,2025-08-03T19:09:13.054Z,91,,
liquid-staked-ethereum,92,Liquid Staked ETH,LSETH,3773.25,3.13969,UP,1272159840,711366.0,4332.67,https://coin-images.coingecko.com/coins/images/28848/large/LsETH-receipt-token-circle.png?1696527824,03-08-2025,2025-08-03T19:09:20.011Z,92,,
injective-protocol,93,Injective,INJ,13.02,8.18744,UP,1272295653,100390953.0,52.62,https://coin-images.coingecko.com/coins/images/12882/large/Other_200x200.png?1738782212,03-08-2025,2025-08-03T19:09:13.810Z,93,,
mantle-staked-ether,94,Mantle Staked Ether,METH,3735.89,2.67243,UP,1261221154,1198278.0,4729.53,https://coin-images.coingecko.com/coins/images/33345/large/symbol_transparent_bg.png?1701697066,03-08-2025,2025-08-03T19:09:05.472Z,94,,
curve-dao-token,95,Curve DAO,CRV,0.909112,5.78223,UP,1256065701,166945935.0,15.37,https://coin-images.coingecko.com/coins/images/12124/large/Curve.png?1696511967,03-08-2025,2025-08-03T19:09:12.348Z,95,,
blockstack,96,Stacks,STX,0.687991,4.57416,UP,1233800102,19524990.0,3.86,https://coin-images.coingecko.com/coins/images/2069/large/Stacks_Logo_png.png?1709979332,03-08-2025,2025-08-03T19:09:11.965Z,96,,
polygon-bridged-usdt-polygon,97,Polygon Bridged USDT (Polygon),USDT,0.999786,0.01865,UP,1214786039,27375030.0,1.027,https://coin-images.coingecko.com/coins/images/35023/large/USDT.png?1707233644,03-08-2025,2025-08-03T19:09:06.736Z,97,,
celestia,98,Celestia,TIA,1.65,5.71104,UP,1206063233,67946294.0,20.85,https://coin-images.coingecko.com/coins/images/31967/large/tia.jpg?1696530772,03-08-2025,2025-08-03T19:09:12.050Z,98,,
falcon-finance,99,Falcon USD,USDF,0.999238,-0.00907,DOWN,1196991903,6853701.0,1.075,https://coin-images.coingecko.com/coins/images/54558/large/ff_200_X_200.png?1740741076,03-08-2025,2025-08-03T19:09:12.658Z,99,,
renzo-restaked-eth,100,Renzo Restaked ETH,EZETH,3677.11,3.29051,UP,1147175883,1861196.0,4207.05,https://coin-images.coingecko.com/coins/images/34753/large/Ezeth_logo_circle.png?1713496404,03-08-2025,2025-08-03T19:09:06.848Z,100,,
solv-btc,101,Solv Protocol BTC,SOLVBTC,113920.0,1.52952,UP,1144663319,973333.0,122909.0,https://coin-images.coingecko.com/coins/images/36800/large/solvBTC.png?1719810684,03-08-2025,2025-08-03T19:09:13.423Z,101,,
optimism,102,Optimism,OP,0.652138,5.23747,UP,1143308097,116688687.0,4.84,https://coin-images.coingecko.com/coins/images/25244/large/Optimism.png?1696524385,03-08-2025,2025-08-03T19:09:06.251Z,102,,
conflux-token,103,Conflux,CFX,0.214976,13.56228,UP,1100976654,403173359.0,1.7,https://coin-images.coingecko.com/coins/images/13079/large/3vuYMbjN.png?1696512867,03-08-2025,2025-08-03T19:09:12.327Z,103,,5.0
pump-fun,104,Pump.fun,PUMP,0.0029975,18.03771,UP,1068254687,382503187.0,0.00681162,https://coin-images.coingecko.com/coins/images/67164/large/pump.jpg?1751949376,03-08-2025,2025-08-03T19:09:12.770Z,104,,2.0
floki,105,FLOKI,FLOKI,0.00010726,8.31798,UP,1037464238,101719986.0,0.00034495,https://coin-images.coingecko.com/coins/images/16746/large/PNG_image.png?1696516318,03-08-2025,2025-08-03T19:09:13.511Z,105,,
saros-finance,106,Saros,SAROS,0.394819,12.5824,UP,1035732572,10071899.0,0.405788,https://coin-images.coingecko.com/coins/images/34594/large/saros-token-logo.png?1705476813,03-08-2025,2025-08-03T19:09:07.073Z,106,,7.0
wbnb,107,Wrapped BNB,WBNB,751.39,2.16739,UP,1012526063,157831175.0,858.29,https://coin-images.coingecko.com/coins/images/12591/large/binance-coin-logo.png?1696512401,03-08-2025,2025-08-03T19:09:09.626Z,107,,
paypal-usd,108,PayPal USD,PYUSD,0.999771,0.00798,UP,1012248439,19394291.0,1.021,https://coin-images.coingecko.com/coins/images/31212/large/PYUSD_Logo_%282%29.png?1696530039,03-08-2025,2025-08-03T19:09:06.669Z,108,,
binance-bridged-usdc-bnb-smart-chain,109,Binance Bridged USDC (BNB Smart Chain),USDC,0.999314,0.1113,UP,997847275,173059135.0,1.031,https://coin-images.coingecko.com/coins/images/35220/large/USDC.jpg?1707919050,03-08-2025,2025-08-03T19:09:18.783Z,109,,
sonic-3,110,Sonic,S,0.302234,7.43811,UP,973804379,106385212.0,1.029,https://coin-images.coingecko.com/coins/images/38108/large/200x200_Sonic_Logo.png?1734679256,03-08-2025,2025-08-03T19:09:07.468Z,110,,
jupiter-staked-sol,111,Jupiter Staked SOL,JUPSOL,182.35,3.27592,UP,968828488,4543800.0,309.67,https://coin-images.coingecko.com/coins/images/37482/large/jupsol.png?1714473916,03-08-2025,2025-08-03T19:09:13.658Z,111,,
pax-gold,112,PAX Gold,PAXG,3361.51,0.10769,UP,952661664,33498890.0,3518.57,https://coin-images.coingecko.com/coins/images/9519/large/paxgold.png?1696509604,03-08-2025,2025-08-03T19:09:06.384Z,112,,
the-graph,113,The Graph,GRT,0.091347,5.93299,UP,951665963,28905279.0,2.84,https://coin-images.coingecko.com/coins/images/13397/large/Graph_Token.png?1696513159,03-08-2025,2025-08-03T19:09:08.746Z,113,,
immutable-x,114,Immutable,IMX,0.49633,4.68721,UP,938709918,22216045.0,9.52,https://coin-images.coingecko.com/coins/images/17233/large/immutableX-symbol-BLK-RGB.png?1696516787,03-08-2025,2025-08-03T19:09:13.626Z,114,,
fartcoin,115,Fartcoin,FARTCOIN,0.929642,4.47504,UP,930833805,116094166.0,2.48,https://coin-images.coingecko.com/coins/images/50891/large/fart.jpg?1729503972,03-08-2025,2025-08-03T19:09:13.002Z,115,,
arbitrum-bridged-wbtc-arbitrum-one,116,Arbitrum Bridged WBTC (Arbitrum One),WBTC,114246.0,2.11489,UP,913295523,94328539.0,122778.0,https://coin-images.coingecko.com/coins/images/39532/large/wbtc.png?1722810336,03-08-2025,2025-08-03T19:09:10.953Z,116,,
pancakeswap-token,117,PancakeSwap,CAKE,2.59,3.16528,UP,893202087,456349405.0,43.96,https://coin-images.coingecko.com/coins/images/12632/large/pancakeswap-cake-logo_%281%29.png?1696512440,03-08-2025,2025-08-03T19:09:06.587Z,117,,
dogwifcoin,118,dogwifhat,WIF,0.89111,7.75705,UP,891895906,167573686.0,4.83,https://coin-images.coingecko.com/coins/images/33566/large/dogwifhat.jpg?1702499428,03-08-2025,2025-08-03T19:09:12.778Z,118,,
clbtc,119,clBTC,CLBTC,114156.0,1.61916,UP,881651642,7.56,129190.0,https://coin-images.coingecko.com/coins/images/54164/large/clBTC.png?1738482999,03-08-2025,2025-08-03T07:09:16.160Z,119,,
syrupusdc,120,SyrupUSDC,SYRUPUSDC,1.11,0.05355,UP,854258295,2623385.0,1.12,https://coin-images.coingecko.com/coins/images/54658/large/SyrupUSDCO.png?1748850129,03-08-2025,2025-08-03T19:09:07.723Z,120,,
ethereum-name-service,121,Ethereum Name Service,ENS,25.31,3.85425,UP,839979146,53251093.0,83.4,https://coin-images.coingecko.com/coins/images/19785/large/ENS.jpg?1727872989,03-08-2025,2025-08-03T19:09:20.002Z,121,,
msol,122,Marinade Staked SOL,MSOL,212.24,3.40903,UP,836903000,7464508.0,363.77,https://coin-images.coingecko.com/coins/images/17752/large/mSOL.png?1696517278,03-08-2025,2025-08-03T19:09:05.794Z,122,,
tether-gold,123,Tether Gold,XAUT,3357.17,0.33901,UP,827600739,11206512.0,3530.16,https://coin-images.coingecko.com/coins/images/10481/large/Tether_Gold.png?1696510471,03-08-2025,2025-08-03T19:09:07.928Z,123,,
lido-dao,124,Lido DAO,LDO,0.915459,6.8076,UP,821735963,53170131.0,7.3,https://coin-images.coingecko.com/coins/images/13573/large/Lido_DAO.png?1696513326,03-08-2025,2025-08-03T19:09:20.018Z,124,,
kaia,125,Kaia,KAIA,0.137858,0.65742,UP,807788496,27849212.0,0.406698,https://coin-images.coingecko.com/coins/images/39901/large/KAIA.png?1724734368,03-08-2025,2025-08-03T19:09:13.631Z,125,,
tezos,126,Tezos,XTZ,0.758729,4.74408,UP,799464210,22011163.0,9.12,https://coin-images.coingecko.com/coins/images/976/large/Tezos-logo.png?1696502091,03-08-2025,2025-08-03T19:09:08.137Z,126,,
virtual-protocol,127,Virtuals Protocol,VIRTUAL,1.22,6.74068,UP,799060380,134753126.0,5.07,https://coin-images.coingecko.com/coins/images/34057/large/LOGOMARK.png?1708356054,03-08-2025,2025-08-03T19:09:12.325Z,127,,
vaulta,128,Vaulta,A,0.495621,3.31646,UP,784659318,38705576.0,0.778734,https://coin-images.coingecko.com/coins/images/55616/large/Vaulta_CEX_Icon_Circle_-_cmc.png?1746859132,03-08-2025,2025-08-03T19:09:08.891Z,128,,
theta-token,129,Theta Network,THETA,0.747098,4.27539,UP,747657164,18151758.0,15.72,https://coin-images.coingecko.com/coins/images/2538/large/theta-token-logo.png?1696503349,03-08-2025,2025-08-03T19:09:08.675Z,129,,
super-oeth,130,Super OETH,SUPEROETH,3490.84,2.97708,UP,747258456,601851.0,4099.87,https://coin-images.coingecko.com/coins/images/39828/large/Super_OETH.png?1724208268,03-08-2025,2025-08-03T19:09:08.001Z,130,,
ether-fi-staked-eth,131,ether.fi Staked ETH,EETH,3486.07,3.20049,UP,744823786,437790.0,5307.23,https://coin-images.coingecko.com/coins/images/33049/large/ether.fi_eETH.png?1700473063,03-08-2025,2025-08-03T19:09:12.539Z,131,,
mantle-restaked-eth,132,Mantle Restaked ETH,CMETH,3731.17,2.93447,UP,732017298,5185383.0,4298.87,https://coin-images.coingecko.com/coins/images/51114/large/symbol.png?1730117724,03-08-2025,2025-08-03T19:09:05.295Z,132,,
cgeth-hashkey-cloud,133,cgETH Hashkey Cloud,CGETH.HASHKEY,3650.2,2.38157,UP,729705524,25.27,4102.39,https://coin-images.coingecko.com/coins/images/54162/large/Cgeth_Hashkey.png?1738482570,03-08-2025,2025-08-03T19:09:11.821Z,133,,
jasmycoin,134,JasmyCoin,JASMY,0.0148964,5.83967,UP,721725217,20244610.0,4.79,https://coin-images.coingecko.com/coins/images/13876/large/JASMY200x200.jpg?1696513620,03-08-2025,2025-08-03T19:09:13.720Z,134,,
iota,135,IOTA,IOTA,0.183347,5.95324,UP,721397354,11360264.0,5.25,https://coin-images.coingecko.com/coins/images/692/large/IOTA_Thumbnail_%281%29.png?1743772896,03-08-2025,2025-08-03T19:09:13.703Z,135,,
memecore,136,MemeCore,M,0.429832,2.87775,UP,715148898,28399122.0,0.897338,https://coin-images.coingecko.com/coins/images/53247/large/square-bg-transparent.png?1752637478,03-08-2025,2025-08-03T19:09:05.524Z,136,,
ousg,137,OUSG,OUSG,112.03,0.0,DOWN,701072269,0.0,112.03,https://coin-images.coingecko.com/coins/images/29023/large/OUSG.png?1696527993,03-08-2025,2025-08-03T19:05:14.243Z,137,,
raydium,138,Raydium,RAY,2.57,4.7463,UP,688031902,35380053.0,16.83,https://coin-images.coingecko.com/coins/images/13928/large/PSigc4ie_400x400.jpg?1696513668,03-08-2025,2025-08-03T19:09:07.021Z,138,,
gala,139,GALA,GALA,0.01506958,4.84376,UP,685797435,57326042.0,0.824837,https://coin-images.coingecko.com/coins/images/12493/large/GALA_token_image_-_200PNG.png?1709725869,03-08-2025,2025-08-03T19:09:13.016Z,139,,
ondo-us-dollar-yield,140,Ondo US Dollar Yield,USDY,1.081,-0.36036,DOWN,678863726,1243824.0,1.26,https://coin-images.coingecko.com/coins/images/31700/large/usdy_%281%29.png?1696530524,03-08-2025,2025-08-03T19:09:05.959Z,140,5.0,
usdx-money-usdx,141,Stables Labs USDX,USDX,0.997899,-0.00281,DOWN,676102223,536371.0,1.057,https://coin-images.coingecko.com/coins/images/50360/large/USDX200px.png?1731906044,03-08-2025,2025-08-03T19:09:08.786Z,141,,
aerodrome-finance,142,Aerodrome Finance,AERO,0.775191,5.86056,UP,672909092,22247215.0,2.32,https://coin-images.coingecko.com/coins/images/31745/large/token.png?1696530564,03-08-2025,2025-08-03T19:09:20.121Z,142,,
tbtc,143,tBTC,TBTC,114033.0,1.82006,UP,657724093,3996358.0,122930.0,https://coin-images.coingecko.com/coins/images/11224/large/0x18084fba666a33d37592fa2633fd49a74dd93a88.png?1696511155,03-08-2025,2025-08-03T19:09:07.878Z,143,,
pendle,144,Pendle,PENDLE,3.95,6.81502,UP,654941582,66060827.0,7.5,https://coin-images.coingecko.com/coins/images/15069/large/Pendle_Logo_Normal-03.png?1696514728,03-08-2025,2025-08-03T19:09:19.782Z,144,,
pyth-network,145,Pyth Network,PYTH,0.113221,6.73124,UP,650984007,16435667.0,1.2,https://coin-images.coingecko.com/coins/images/31924/large/pyth.png?1701245725,03-08-2025,2025-08-03T19:09:07.089Z,145,,
the-sandbox,146,The Sandbox,SAND,0.265229,4.4683,UP,649039672,29243571.0,8.4,https://coin-images.coingecko.com/coins/images/12129/large/sandbox_logo.jpg?1696511971,03-08-2025,2025-08-03T19:09:08.661Z,146,,
bittorrent,147,BitTorrent,BTT,6.54335e-07,2.6139,UP,645211045,18653716.0,3.43e-06,https://coin-images.coingecko.com/coins/images/22457/large/btt_logo.png?1696521780,03-08-2025,2025-08-03T19:09:11.450Z,147,,
l2-standard-bridged-weth-base,148,L2 Standard Bridged WETH (Base),WETH,3492.51,3.14827,UP,631074486,552536515.0,4096.05,https://coin-images.coingecko.com/coins/images/39810/large/weth.png?1724139790,03-08-2025,2025-08-03T19:09:14.152Z,148,,
jito-governance-token,149,Jito,JTO,1.69,4.29741,UP,608650443,15926178.0,6.01,https://coin-images.coingecko.com/coins/images/33228/large/jto.png?1701137022,03-08-2025,2025-08-03T19:09:14.019Z,149,,
ripple-usd,150,Ripple USD,RLUSD,1.0,0.11232,UP,602995041,49020794.0,1.073,https://coin-images.coingecko.com/coins/images/39651/large/RLUSD_200x200_%281%29.png?1727376633,03-08-2025,2025-08-03T19:09:07.001Z,150,,
zcash,151,Zcash,ZEC,36.18,3.79585,UP,586354774,57572148.0,3191.93,https://coin-images.coingecko.com/coins/images/486/large/circle-zcash-color.png?1696501740,03-08-2025,2025-08-03T19:09:09.668Z,151,,
usual-usd,152,Usual USD,USD0,0.997475,-0.00689,DOWN,582127548,267876.0,1.33,https://coin-images.coingecko.com/coins/images/38272/large/USD0LOGO.png?1716962811,03-08-2025,2025-08-03T19:09:08.366Z,152,,
newton-project,153,AB,AB,0.00817182,-1.01919,DOWN,580294712,45961176.0,0.01727373,https://coin-images.coingecko.com/coins/images/4376/large/400%E6%96%B9.png?1740377493,03-08-2025,2025-08-03T19:09:05.872Z,153,3.0,
flow,154,Flow,FLOW,0.357882,2.99237,UP,572663516,12583606.0,42.4,https://coin-images.coingecko.com/coins/images/13446/large/5f6294c0c7a8cda55cb1c936_Flow_Wordmark.png?1696513210,03-08-2025,2025-08-03T19:09:12.946Z,154,,
usdd,155,USDD,USDD,0.999537,0.00549,UP,570136168,9462467.0,1.052,https://coin-images.coingecko.com/coins/images/25380/large/UUSD.jpg?1696524513,03-08-2025,2025-08-03T19:09:08.247Z,155,,
bitcoin-avalanche-bridged-btc-b,156,Avalanche Bridged BTC (Avalanche),BTC.B,114338.0,1.97905,UP,562929495,43131944.0,123072.0,https://coin-images.coingecko.com/coins/images/26115/large/btcb.png?1696525205,03-08-2025,2025-08-03T19:09:11.941Z,156,,
solv-protocol-solvbtc-bbn,157,Solv Protocol Staked BTC,XSOLVBTC,113482.0,1.48271,UP,550117202,305850.0,121137.0,https://coin-images.coingecko.com/coins/images/39384/large/xSolvBTC.png?1744170824,03-08-2025,2025-08-03T19:09:07.203Z,157,,
morpho,158,Morpho,MORPHO,1.68,6.84858,UP,543852153,18132959.0,4.17,https://coin-images.coingecko.com/coins/images/29837/large/Morpho-token-icon.png?1726771230,03-08-2025,2025-08-03T19:09:05.817Z,158,,
stader-ethx,159,Stader ETHx,ETHX,3719.95,3.15152,UP,543954193,49907.0,4275.3,https://coin-images.coingecko.com/coins/images/30870/large/staderx.png?1696529717,03-08-2025,2025-08-03T19:09:07.279Z,159,,
walrus-2,160,Walrus,WAL,0.376656,4.01338,UP,532631986,22212681.0,0.759179,https://coin-images.coingecko.com/coins/images/54914/large/WAL_logo.png?1742494301,03-08-2025,2025-08-03T19:09:09.058Z,160,,
arbitrum-bridged-weth-arbitrum-one,161,Arbitrum Bridged WETH (Arbitrum One),WETH,3493.81,3.19413,UP,532391629,295224956.0,4097.16,https://coin-images.coingecko.com/coins/images/39713/large/WETH.PNG?1723731496,03-08-2025,2025-08-03T19:09:11.242Z,161,,
decentraland,162,Decentraland,MANA,0.276595,4.7221,UP,531258555,22383701.0,5.85,https://coin-images.coingecko.com/coins/images/878/large/decentraland-mana.png?1696502010,03-08-2025,2025-08-03T19:09:12.426Z,162,,
beldex,163,Beldex,BDX,0.073841,-2.10872,DOWN,527882089,2902311.0,0.450785,https://coin-images.coingecko.com/coins/images/5111/large/Beldex.png?1696505631,03-08-2025,2025-08-03T19:09:11.204Z,163,1.0,
helium,164,Helium,HNT,2.8,1.78299,UP,521794880,6039263.0,54.88,https://coin-images.coingecko.com/coins/images/4284/large/helium_logo_use.png?1748092589,03-08-2025,2025-08-03T19:09:13.485Z,164,,
based-brett,165,Brett,BRETT,0.052246,13.71004,UP,518904455,41384522.0,0.234204,https://coin-images.coingecko.com/coins/images/35529/large/1000050750.png?1709031995,03-08-2025,2025-08-03T19:09:11.316Z,165,,4.0
bitcoin-cash-sv,166,Bitcoin SV,BSV,25.88,2.57206,UP,515081840,11183616.0,489.75,https://coin-images.coingecko.com/coins/images/6799/large/BSV.png?1696507128,03-08-2025,2025-08-03T19:09:11.402Z,166,,
binance-peg-dogecoin,167,Binance-Peg Dogecoin,DOGE,0.198715,4.27992,UP,510194557,1984907.0,0.480585,https://coin-images.coingecko.com/coins/images/15768/large/dogecoin.png?1696515392,03-08-2025,2025-08-03T19:09:11.377Z,167,,
chain-2,168,Onyxcoin,XCN,0.01463027,5.87033,UP,506505344,17370586.0,0.184139,https://coin-images.coingecko.com/coins/images/24210/large/onyxlogo.jpg?1696523397,03-08-2025,2025-08-03T19:09:11.927Z,168,,
syrup,169,Maple Finance,SYRUP,0.420578,8.81607,UP,501201733,60746378.0,0.653229,https://coin-images.coingecko.com/coins/images/51232/large/_syrup_token_logo.png?1747292046,03-08-2025,2025-08-03T19:09:08.064Z,169,,
build-on,170,BUILDon,B,0.495581,3.66093,UP,494994967,23666991.0,0.609597,https://coin-images.coingecko.com/coins/images/55974/large/T7asvmCb_400x400.jpg?1747902862,03-08-2025,2025-08-03T19:09:11.722Z,170,,
coinbase-wrapped-staked-eth,171,Coinbase Wrapped Staked ETH,CBETH,3850.31,3.22802,UP,494555563,12151190.0,4434.57,https://coin-images.coingecko.com/coins/images/27008/large/cbeth.png?1709186989,03-08-2025,2025-08-03T19:09:12.137Z,171,,
true-usd,172,TrueUSD,TUSD,0.997354,-0.07783,DOWN,492727762,19718921.0,1.62,https://coin-images.coingecko.com/coins/images/3449/large/tusd.png?1696504140,03-08-2025,2025-08-03T19:09:17.041Z,172,8.0,
coredaoorg,173,Core,CORE,0.476455,4.41173,UP,480003422,11726788.0,6.14,https://coin-images.coingecko.com/coins/images/28938/large/file_589.jpg?1701868471,03-08-2025,2025-08-03T19:09:12.194Z,173,,
telcoin,174,Telcoin,TEL,0.00518935,11.05242,UP,480168340,2379437.0,0.064483,https://coin-images.coingecko.com/coins/images/1899/large/tel.png?1696502892,03-08-2025,2025-08-03T19:09:12.318Z,174,,10.0
apenft,175,APENFT,NFT,4.71637e-07,0.18977,UP,466957600,9599418.0,7.53e-06,https://coin-images.coingecko.com/coins/images/15687/large/apenft.jpg?1696515316,03-08-2025,2025-08-03T19:09:10.769Z,175,,
mog-coin,176,Mog Coin,MOG,1.19e-06,6.66306,UP,465242563,20561711.0,4.02e-06,https://coin-images.coingecko.com/coins/images/31059/large/MOG_LOGO_200x200.png?1696529893,03-08-2025,2025-08-03T19:09:05.801Z,176,,
sweth,177,Swell Ethereum,SWETH,3826.69,3.3323,UP,464271686,94704.0,4395.57,https://coin-images.coingecko.com/coins/images/30326/large/_lB7zEtS_400x400.jpg?1696529227,03-08-2025,2025-08-03T19:09:07.703Z,177,,
rekt-4,178,Rekt,REKT,1.1e-06,9.15725,UP,464249477,6186669.0,1.19e-06,https://coin-images.coingecko.com/coins/images/51727/large/rektcion_trans_200px.png?1731910587,03-08-2025,2025-08-03T19:09:06.711Z,178,,
zebec-network,179,Zebec Network,ZBCN,0.00525414,11.90695,UP,453690241,27003559.0,0.00700261,https://coin-images.coingecko.com/coins/images/37052/large/zbcn.jpeg?1713168241,03-08-2025,2025-08-03T19:09:09.199Z,179,,9.0
thorchain,180,THORChain,RUNE,1.28,4.32485,UP,450783645,66951389.0,20.87,https://coin-images.coingecko.com/coins/images/6595/large/Rune200x200.png?1696506946,03-08-2025,2025-08-03T19:09:08.748Z,180,,
savings-dai,181,Savings Dai,SDAI,1.16,-0.03027,DOWN,449842399,30058285.0,1.27,https://coin-images.coingecko.com/coins/images/32254/large/sdai.png?1697015278,03-08-2025,2025-08-03T19:09:11.307Z,181,10.0,
starknet,182,Starknet,STRK,0.115893,6.30168,UP,444872474,18678739.0,4.41,https://coin-images.coingecko.com/coins/images/26433/large/starknet.png?1696525507,03-08-2025,2025-08-03T19:09:07.848Z,182,,
apecoin,183,ApeCoin,APE,0.555715,4.90727,UP,444581281,21896096.0,26.7,https://coin-images.coingecko.com/coins/images/24383/large/apecoin.jpg?1696523566,03-08-2025,2025-08-03T19:09:10.913Z,183,,
superstate-short-duration-us-government-securities-fund-ustb,184,Superstate Short Duration U.S. Government Securities Fund (USTB),USTB,10.77,0.0,DOWN,441828425,0.0,10.77,https://coin-images.coingecko.com/coins/images/35012/large/ustb.jpeg?1707102680,03-08-2025,2025-08-03T19:05:07.036Z,184,,
reserve-rights-token,185,Reserve Rights,RSR,0.00747839,6.13819,UP,441158891,19093663.0,0.117424,https://coin-images.coingecko.com/coins/images/8365/large/RSR_Blue_Circle_1000.png?1721777856,03-08-2025,2025-08-03T19:09:07.046Z,185,,
tokenize-xchange,186,Tokenize Xchange,TKX,5.25,-1.01731,DOWN,419952571,483429.0,50.43,https://coin-images.coingecko.com/coins/images/4984/large/TKX_-_Logo_-_RGB-15.png?1696505519,03-08-2025,2025-08-03T19:09:07.942Z,186,4.0,
mantle-bridged-usdt-mantle,187,Mantle Bridged USDT (Mantle),USDT,0.997864,-0.35505,DOWN,428709609,3092275.0,1.26,https://coin-images.coingecko.com/coins/images/35069/large/logo.png?1707291114,03-08-2025,2025-08-03T19:09:05.442Z,187,6.0,
kava,188,Kava,KAVA,0.390461,1.81052,UP,422607104,8135238.0,9.12,https://coin-images.coingecko.com/coins/images/9761/large/kava.png?1696509822,03-08-2025,2025-08-03T19:09:13.808Z,188,,
compound-governance-token,189,Compound,COMP,44.91,3.37999,UP,422064271,34992384.0,910.54,https://coin-images.coingecko.com/coins/images/10775/large/COMP.png?1696510737,03-08-2025,2025-08-03T19:09:12.878Z,189,,
ether-fi,190,Ether.fi,ETHFI,0.999938,9.59569,UP,421089968,71682457.0,8.53,https://coin-images.coingecko.com/coins/images/35958/large/etherfi.jpeg?1710254562,03-08-2025,2025-08-03T19:09:12.763Z,190,,
keeta,191,Keeta,KTA,1.044,15.04686,UP,422367595,9845513.0,1.68,https://coin-images.coingecko.com/coins/images/54723/large/2025-03-05_22.53.06.jpg?1741234207,03-08-2025,2025-08-03T19:09:13.844Z,191,,3.0
arweave,192,Arweave,AR,6.42,5.23449,UP,420446473,18477270.0,89.24,https://coin-images.coingecko.com/coins/images/4343/large/oRt6SiEN_400x400.jpg?1696504946,03-08-2025,2025-08-03T19:09:10.911Z,192,,
trip,193,Trip,TRIP,14.13,3.7437,UP,416953993,12305.35,14.29,https://coin-images.coingecko.com/coins/images/54717/large/IMG-20250120-184423-846.png?1741186152,03-08-2025,2025-08-03T19:09:08.011Z,193,,
frax-ether,194,Frax Ether,FRXETH,3476.2,1.99452,UP,415919063,779958.0,4084.25,https://coin-images.coingecko.com/coins/images/28284/large/frxETH_icon.png?1696527284,03-08-2025,2025-08-03T19:09:12.903Z,194,,
dydx-chain,195,dYdX,DYDX,0.544818,4.27028,UP,413278899,8830887.0,4.52,https://coin-images.coingecko.com/coins/images/32594/large/dydx.png?1698673495,03-08-2025,2025-08-03T19:09:12.376Z,195,,
hashnote-usyc,196,Circle USYC,USYC,1.095,0.0,DOWN,411044918,2.19,1.12,https://coin-images.coingecko.com/coins/images/51054/large/Hashnote_SDYC_200x200.png?1730370965,03-08-2025,2025-08-01T19:10:58.390Z,196,,
neo,197,NEO,NEO,5.82,4.33976,UP,410975580,15259520.0,198.38,https://coin-images.coingecko.com/coins/images/480/large/NEO_512_512.png?1696501735,03-08-2025,2025-08-03T19:09:05.987Z,197,,
sun-token,198,Sun Token,SUN,0.02124467,1.67283,UP,406895717,20517635.0,66.45,https://coin-images.coingecko.com/coins/images/12424/large/RSFOmQ.png?1696512245,03-08-2025,2025-08-03T19:09:07.766Z,198,,
dexe,199,DeXe,DEXE,7.11,2.0234,UP,405883642,4027756.0,32.38,https://coin-images.coingecko.com/coins/images/12713/large/DEXE_token_logo.png?1696512514,03-08-2025,2025-08-03T19:09:12.531Z,199,,
elrond-erd-2,200,MultiversX,EGLD,14.21,5.2271,UP,404832648,12024434.0,545.64,https://coin-images.coingecko.com/coins/images/12335/large/egld-token-logo.png?1696512162,03-08-2025,2025-08-03T19:09:12.836Z,200,,
usdb,201,USDB,USDB,0.995821,-0.22783,DOWN,404351953,805990.0,1.088,https://coin-images.coingecko.com/coins/images/35595/large/65c67f0ebf2f6a1bd0feb13c_usdb-icon-yellow.png?1709255427,03-08-2025,2025-08-03T19:09:08.736Z,201,7.0,
polygon-pos-bridged-weth-polygon-pos,202,Polygon PoS Bridged WETH (Polygon POS),WETH,3490.67,3.28655,UP,404117150,11513574.0,4090.99,https://coin-images.coingecko.com/coins/images/39708/large/WETH.PNG?1723730343,03-08-2025,2025-08-03T19:09:06.948Z,202,,
aioz-network,203,AIOZ Network,AIOZ,0.339189,8.02224,UP,403326046,7722310.0,2.65,https://coin-images.coingecko.com/coins/images/14631/large/aioz-logo-200.png?1696514309,03-08-2025,2025-08-03T19:09:11.597Z,203,,
polygon-pos-bridged-dai-polygon-pos,204,Polygon PoS Bridged DAI (Polygon POS),DAI,0.999913,0.02142,UP,402749607,47244145.0,1.025,https://coin-images.coingecko.com/coins/images/39787/large/dai.png?1724110678,03-08-2025,2025-08-03T19:09:06.710Z,204,,
ecash,205,eCash,XEC,2.013e-05,3.38628,UP,400747715,5525043.0,0.00038001,https://coin-images.coingecko.com/coins/images/16646/large/Logo_final-22.png?1696516207,03-08-2025,2025-08-03T19:09:12.556Z,205,,
venom,206,Venom,VENOM,0.186103,2.04684,UP,389719208,1476102.0,0.782403,https://coin-images.coingecko.com/coins/images/28660/large/Venom_Icon.png?1696527645,03-08-2025,2025-08-03T19:09:08.795Z,206,,
bridged-usdc-polygon-pos-bridge,207,Bridged USDC (Polygon PoS Bridge),USDC.E,0.999603,-0.01076,DOWN,387394131,10644235.0,1.028,https://coin-images.coingecko.com/coins/images/33000/large/usdc.png?1700119918,03-08-2025,2025-08-03T19:09:12.116Z,207,,
treehouse-eth,208,Treehouse ETH,TETH,4226.81,3.0521,UP,375458760,2292404.0,4837.52,https://coin-images.coingecko.com/coins/images/40155/large/tETH_Logo_%28Color__No_Background%29.png?1748368386,03-08-2025,2025-08-03T19:09:08.038Z,208,,
axie-infinity,209,Axie Infinity,AXS,2.24,4.97595,UP,372447517,16509138.0,164.9,https://coin-images.coingecko.com/coins/images/13029/large/axie_infinity_logo.png?1696512817,03-08-2025,2025-08-03T19:09:11.096Z,209,,
chiliz,210,Chiliz,CHZ,0.03801712,3.87466,UP,371352629,34981317.0,0.878633,https://coin-images.coingecko.com/coins/images/8834/large/CHZ_Token_updated.png?1696508986,03-08-2025,2025-08-03T19:09:12.059Z,210,,
olympus,211,Olympus,OHM,22.63,2.17407,UP,372662739,325801.0,1415.26,https://coin-images.coingecko.com/coins/images/14483/large/token_OHM_%281%29.png?1696514169,03-08-2025,2025-08-03T19:09:07.104Z,211,,
wemix-token,212,WEMIX,WEMIX,0.814423,18.40167,UP,369557166,5472498.0,24.71,https://coin-images.coingecko.com/coins/images/12998/large/wemixcoin_color_200.png?1696512788,03-08-2025,2025-08-03T19:09:08.772Z,212,,1.0
unit-bitcoin,213,Unit Bitcoin,UBTC,114351.0,1.8438,UP,368040598,41998692.0,122998.0,https://coin-images.coingecko.com/coins/images/55066/large/ubtc.jpg?1743580113,03-08-2025,2025-08-03T19:09:08.731Z,213,,
zksync,214,ZKsync,ZK,0.050776,6.469,UP,367227351,12380877.0,0.320983,https://coin-images.coingecko.com/coins/images/38043/large/ZKTokenBlack.png?1718614502,03-08-2025,2025-08-03T19:09:09.389Z,214,,
eigenlayer,215,EigenCloud (prev. EigenLayer),EIGEN,1.12,7.10744,UP,355146856,41081216.0,5.65,https://coin-images.coingecko.com/coins/images/37441/large/eigencloud.jpg?1751003565,03-08-2025,2025-08-03T19:09:13.216Z,215,,
wormhole,216,Wormhole,W,0.07516,5.83672,UP,353317372,20234841.0,1.66,https://coin-images.coingecko.com/coins/images/35087/large/womrhole_logo_full_color_rgb_2000px_72ppi_fb766ac85a.png?1708688954,03-08-2025,2025-08-03T19:09:09.182Z,216,,
wrapped-hype,217,Wrapped HYPE,WHYPE,38.34,6.91113,UP,352658407,74423702.0,49.81,https://coin-images.coingecko.com/coins/images/54469/large/_UP3jBsi_400x400.jpg?1739905920,03-08-2025,2025-08-03T19:09:09.379Z,217,,
bybit-staked-sol,218,Bybit Staked SOL,BBSOL,177.32,3.15214,UP,352211986,1198282.0,308.6,https://coin-images.coingecko.com/coins/images/40095/large/400x400.png?1725628094,03-08-2025,2025-08-03T19:09:11.629Z,218,,
1inch,219,1inch,1INCH,0.251066,5.42486,UP,350880187,15835209.0,8.65,https://coin-images.coingecko.com/coins/images/13469/large/1inch-token.png?1696513230,03-08-2025,2025-08-03T19:09:10.417Z,219,,
beam-2,220,Beam,BEAM,0.00679921,6.00243,UP,349344184,10347068.0,0.04416304,https://coin-images.coingecko.com/coins/images/32417/large/cgicon.png?1747892021,03-08-2025,2025-08-03T19:09:11.200Z,220,,
ronin,221,Ronin,RON,0.502811,5.08485,UP,348495575,4684142.0,4.45,https://coin-images.coingecko.com/coins/images/20009/large/photo_2024-04-06_22-52-24.jpg?1712415367,03-08-2025,2025-08-03T19:09:07.027Z,221,,
ether-fi-staked-btc,222,Ether.fi Staked BTC,EBTC,114283.0,1.7443,UP,343673301,20287.0,122924.0,https://coin-images.coingecko.com/coins/images/50411/large/eBTC.png?1727664788,03-08-2025,2025-08-03T19:09:14.255Z,222,,
deep,223,DeepBook,DEEP,0.136726,8.06711,UP,342316356,26214186.0,0.341085,https://coin-images.coingecko.com/coins/images/50648/large/DEEP_Logo_256x256_px_%282%29.png?1728612340,03-08-2025,2025-08-03T19:09:12.312Z,223,,
movement,224,Movement,MOVE,0.128879,4.07816,UP,341736730,20143659.0,1.45,https://coin-images.coingecko.com/coins/images/39345/large/movement-testnet-token.png?1721878759,03-08-2025,2025-08-03T19:09:05.944Z,224,,
axelar,225,Axelar,AXL,0.336589,5.59657,UP,340700251,10691953.0,2.64,https://coin-images.coingecko.com/coins/images/27277/large/V-65_xQ1_400x400.jpeg?1696526329,03-08-2025,2025-08-03T19:09:11.159Z,225,,
wrapped-avax,226,Wrapped AVAX,WAVAX,21.42,3.09226,UP,339080040,8943155.0,2000.68,https://coin-images.coingecko.com/coins/images/15075/large/wrapped-avax.png?1696514734,03-08-2025,2025-08-03T19:09:09.725Z,226,,
benqi-liquid-staked-avax,227,BENQI Liquid Staked AVAX,SAVAX,26.09,3.3494,UP,334912072,10723084.0,103.55,https://coin-images.coingecko.com/coins/images/23657/large/savax_blue.png?1696522860,03-08-2025,2025-08-03T19:09:11.231Z,227,,
polygon-bridged-wbtc-polygon-pos,228,Polygon Bridged WBTC (Polygon POS),WBTC,114296.0,1.81376,UP,333439568,4463567.0,122558.0,https://coin-images.coingecko.com/coins/images/39530/large/wbtc.png?1722809402,03-08-2025,2025-08-03T19:09:06.660Z,228,,
eos,229,EOS,EOS,0.495028,3.12086,UP,331679999,261750.0,22.71,https://coin-images.coingecko.com/coins/images/738/large/CG_EOS_Icon.png?1731705232,03-08-2025,2025-08-03T19:09:12.523Z,229,,
convex-finance,230,Convex Finance,CVX,4.02,7.50766,UP,330196780,34743587.0,60.09,https://coin-images.coingecko.com/coins/images/15585/large/convex.png?1696515221,03-08-2025,2025-08-03T19:09:12.550Z,230,,
qubic-network,231,Qubic,QUBIC,2.7e-06,6.28743,UP,329982406,8462566.0,1.256e-05,https://coin-images.coingecko.com/coins/images/32949/large/qubic-logo-new.png?1753939209,03-08-2025,2025-08-03T19:09:06.650Z,231,,
aethir,232,Aethir,ATH,0.03076019,6.9457,UP,327283795,26167844.0,0.118536,https://coin-images.coingecko.com/coins/images/36179/large/logogram_circle_dark_green_vb_green_%281%29.png?1718232706,03-08-2025,2025-08-03T19:09:10.544Z,232,,
global-dollar,233,Global Dollar,USDG,0.99961,-0.01791,DOWN,326814449,5580892.0,1.65,https://coin-images.coingecko.com/coins/images/51281/large/GDN_USDG_Token_200x200.png?1730484111,03-08-2025,2025-08-03T19:09:13.088Z,233,,
terra-luna,234,Terra Luna Classic,LUNC,5.814e-05,4.41956,UP,325828445,14926882.0,119.18,https://coin-images.coingecko.com/coins/images/8284/large/01_LunaClassic_color.png?1696508486,03-08-2025,2025-08-03T19:09:07.917Z,234,,
akash-network,235,Akash Network,AKT,1.18,4.78835,UP,324449092,5296820.0,8.07,https://coin-images.coingecko.com/coins/images/12785/large/akash-logo.png?1696512580,03-08-2025,2025-08-03T19:09:11.873Z,235,,
just,236,JUST,JST,0.03247296,0.67813,UP,321421978,22896791.0,0.193254,https://coin-images.coingecko.com/coins/images/11095/large/JUST.jpg?1696511035,03-08-2025,2025-08-03T19:09:13.777Z,236,,
superfarm,237,SuperVerse,SUPER,0.694132,5.98396,UP,313735862,8576346.0,4.74,https://coin-images.coingecko.com/coins/images/14040/large/SV-Logo-200x200.png?1706880312,03-08-2025,2025-08-03T19:09:07.926Z,237,,
gnosis,238,Gnosis,GNO,118.46,2.66109,UP,312739774,8327882.0,644.2,https://coin-images.coingecko.com/coins/images/662/large/logo_square_simple_300px.png?1696501854,03-08-2025,2025-08-03T19:09:13.244Z,238,,
binance-peg-busd,239,Binance-Peg BUSD,BUSD,0.999188,0.1365,UP,312248887,2354053.0,1.064,https://coin-images.coingecko.com/coins/images/31273/large/new_binance-peg-busd.png?1696530096,03-08-2025,2025-08-03T19:09:11.629Z,239,,
trust-wallet-token,240,Trust Wallet,TWT,0.741027,3.5425,UP,309040530,7580250.0,2.72,https://coin-images.coingecko.com/coins/images/11085/large/Trust.png?1696511026,03-08-2025,2025-08-03T19:09:08.746Z,240,,
reserve-protocol-eth-plus,241,ETHPlus,ETH+,3667.38,3.04378,UP,307001788,350987.0,4194.11,https://coin-images.coingecko.com/coins/images/38061/large/ETH__Logo.png?1716440789,03-08-2025,2025-08-03T19:09:06.743Z,241,,
gho,242,GHO,GHO,0.999116,0.02999,UP,305100774,52853076.0,1.03,https://coin-images.coingecko.com/coins/images/30663/large/gho-token-logo.png?1720517092,03-08-2025,2025-08-03T19:09:13.335Z,242,,
staked-frax-ether,243,Staked Frax Ether,SFRXETH,3935.5,3.11589,UP,300209757,148355.0,7545.09,https://coin-images.coingecko.com/coins/images/28285/large/sfrxETH_icon.png?1696527285,03-08-2025,2025-08-03T19:09:07.332Z,243,,
amp-token,244,Amp,AMP,0.0035567,6.23743,UP,299748484,41863555.0,0.120813,https://coin-images.coingecko.com/coins/images/12409/large/amp-200x200.png?1696512231,03-08-2025,2025-08-03T19:09:10.775Z,244,,
turbo,245,Turbo,TURBO,0.00433872,5.52182,UP,299448961,26276602.0,0.01431669,https://coin-images.coingecko.com/coins/images/30117/large/TurboMark-QL_200.png?1708079597,03-08-2025,2025-08-03T19:09:08.663Z,245,,
frax,246,Legacy Frax Dollar,FRAX,0.997577,0.04258,UP,298001169,18022204.0,1.14,https://coin-images.coingecko.com/coins/images/13422/large/LFRAX.png?1751911193,03-08-2025,2025-08-03T19:09:12.757Z,246,,
dog-go-to-the-moon-rune,247,Dog (Bitcoin),DOG,0.00296079,4.44965,UP,296031134,8458505.0,0.0099237,https://coin-images.coingecko.com/coins/images/37352/large/DOGGOTOTHEMOON.png?1714096969,03-08-2025,2025-08-03T19:09:12.419Z,247,,
creditcoin-2,248,Creditcoin,CTC,0.641404,5.03709,UP,294762110,6102520.0,8.67,https://coin-images.coingecko.com/coins/images/10569/large/Creditcoin_Symbol_dark56.png?1737796066,03-08-2025,2025-08-03T19:09:12.098Z,248,,
matic-network,249,Polygon,MATIC,0.201264,5.24376,UP,289819968,693007.0,2.92,https://coin-images.coingecko.com/coins/images/4713/large/polygon.png?1698233745,03-08-2025,2025-08-03T19:09:05.738Z,249,,
popcat,250,Popcat,POPCAT,0.294634,5.29006,UP,289068884,24595269.0,2.05,https://coin-images.coingecko.com/coins/images/33760/large/image.jpg?1702964227,03-08-2025,2025-08-03T19:09:11.360Z,250,,
